ID,Modulo,"Requerimiento funcional","Escenario de prueba",Precondiciones,"Pasos ejecutados","Resultado esperado","Resultado obtenido",Estatus
F-001,"Acceso base",Login,"Acceso con credenciales validas","Ambiente de QA disponible; usuario con acceso al modulo Acceso base; flujo Login habilitado; nivel de prueba UI + Feature HTTP disponible; credenciales de prueba disponibles.","Ingresar al modulo Acceso base -> Abrir el flujo Login -> Ejecutar el escenario acceso con credenciales validas -> Validar respuesta del sistema y evidencia generada","El sistema cumple correctamente con el escenario evaluado: acceso con credenciales validas.","Pendiente de ejecucion.",
F-001,"Acceso base",Login,"Rechazo por password invalido","Ambiente de QA disponible; usuario con acceso al modulo Acceso base; flujo Login habilitado; nivel de prueba UI + Feature HTTP disponible; credenciales de prueba disponibles.","Ingresar al modulo Acceso base -> Abrir el flujo Login -> Ejecutar el escenario rechazo por password invalido -> Validar respuesta del sistema y evidencia generada","El sistema rechaza la accion indicada, conserva la integridad del flujo y muestra el mensaje o validacion correspondiente.","Pendiente de ejecucion.",
F-001,"Acceso base",Login,"Rechazo por usuario inactivo","Ambiente de QA disponible; usuario con acceso al modulo Acceso base; flujo Login habilitado; nivel de prueba UI + Feature HTTP disponible.","Ingresar al modulo Acceso base -> Abrir el flujo Login -> Ejecutar el escenario rechazo por usuario inactivo -> Validar respuesta del sistema y evidencia generada","El sistema rechaza la accion indicada, conserva la integridad del flujo y muestra el mensaje o validacion correspondiente.","Pendiente de ejecucion.",
F-001,"Acceso base",Login,"Sesion creada","Ambiente de QA disponible; usuario con acceso al modulo Acceso base; flujo Login habilitado; nivel de prueba UI + Feature HTTP disponible; credenciales de prueba disponibles.","Ingresar al modulo Acceso base -> Abrir el flujo Login -> Ejecutar el escenario sesion creada -> Validar respuesta del sistema y evidencia generada","El registro se crea correctamente, respetando validaciones y reglas de negocio.","Pendiente de ejecucion.",
F-001,"Acceso base",Login,"Redireccion por rol","Ambiente de QA disponible; usuario con acceso al modulo Acceso base; flujo Login habilitado; nivel de prueba UI + Feature HTTP disponible.","Ingresar al modulo Acceso base -> Abrir el flujo Login -> Ejecutar el escenario redireccion por rol -> Validar respuesta del sistema y evidencia generada","El sistema redirige al usuario al destino correcto conforme a su perfil o estado.","Pendiente de ejecucion.",
F-002,"Acceso base",Logout,"Cierre correcto de sesion","Ambiente de QA disponible; usuario con acceso al modulo Acceso base; flujo Logout habilitado; nivel de prueba UI + Feature HTTP disponible; credenciales de prueba disponibles.","Ingresar al modulo Acceso base -> Abrir el flujo Logout -> Ejecutar el escenario cierre correcto de sesion -> Validar respuesta del sistema y evidencia generada","El sistema cumple correctamente con el escenario evaluado: cierre correcto de sesion.","Pendiente de ejecucion.",
F-002,"Acceso base",Logout,"Invalidacion de token CSRF previo","Ambiente de QA disponible; usuario con acceso al modulo Acceso base; flujo Logout habilitado; nivel de prueba UI + Feature HTTP disponible; token de prueba generado.","Ingresar al modulo Acceso base -> Abrir el flujo Logout -> Ejecutar el escenario invalidacion de token CSRF previo -> Validar respuesta del sistema y evidencia generada","El sistema cumple correctamente con el escenario evaluado: invalidacion de token CSRF previo.","Pendiente de ejecucion.",
F-002,"Acceso base",Logout,"No acceso a vistas protegidas despues de logout","Ambiente de QA disponible; usuario con acceso al modulo Acceso base; flujo Logout habilitado; nivel de prueba UI + Feature HTTP disponible.","Ingresar al modulo Acceso base -> Abrir el flujo Logout -> Ejecutar el escenario no acceso a vistas protegidas despues de logout -> Validar respuesta del sistema y evidencia generada","El sistema impide el acceso o la accion no autorizada y mantiene protegido el recurso.","Pendiente de ejecucion.",
F-003,"Acceso base","Forgot password","Solicitud con correo valido","Ambiente de QA disponible; usuario con acceso al modulo Acceso base; flujo Forgot password habilitado; nivel de prueba UI + Feature HTTP disponible; correo de prueba configurado.","Ingresar al modulo Acceso base -> Abrir el flujo Forgot password -> Ejecutar el escenario solicitud con correo valido -> Validar respuesta del sistema y evidencia generada","El sistema cumple correctamente con el escenario evaluado: solicitud con correo valido.","Pendiente de ejecucion.",
F-003,"Acceso base","Forgot password","Rechazo con correo inexistente","Ambiente de QA disponible; usuario con acceso al modulo Acceso base; flujo Forgot password habilitado; nivel de prueba UI + Feature HTTP disponible; correo de prueba configurado.","Ingresar al modulo Acceso base -> Abrir el flujo Forgot password -> Ejecutar el escenario rechazo con correo inexistente -> Validar respuesta del sistema y evidencia generada","El sistema rechaza la accion indicada, conserva la integridad del flujo y muestra el mensaje o validacion correspondiente.","Pendiente de ejecucion.",
F-003,"Acceso base","Forgot password",Throttle,"Ambiente de QA disponible; usuario con acceso al modulo Acceso base; flujo Forgot password habilitado; nivel de prueba UI + Feature HTTP disponible.","Ingresar al modulo Acceso base -> Abrir el flujo Forgot password -> Ejecutar el escenario throttle -> Validar respuesta del sistema y evidencia generada","El sistema aplica el limite de intentos conforme a la politica configurada.","Pendiente de ejecucion.",
F-003,"Acceso base","Forgot password","Mensaje de confirmacion","Ambiente de QA disponible; usuario con acceso al modulo Acceso base; flujo Forgot password habilitado; nivel de prueba UI + Feature HTTP disponible.","Ingresar al modulo Acceso base -> Abrir el flujo Forgot password -> Ejecutar el escenario mensaje de confirmacion -> Validar respuesta del sistema y evidencia generada","El sistema cumple correctamente con el escenario evaluado: mensaje de confirmacion.","Pendiente de ejecucion.",
F-004,"Acceso base","Reset password","Token valido","Ambiente de QA disponible; usuario con acceso al modulo Acceso base; flujo Reset password habilitado; nivel de prueba UI + Feature HTTP disponible; token de prueba generado.","Ingresar al modulo Acceso base -> Abrir el flujo Reset password -> Ejecutar el escenario token valido -> Validar respuesta del sistema y evidencia generada","El sistema cumple correctamente con el escenario evaluado: token valido.","Pendiente de ejecucion.",
F-004,"Acceso base","Reset password","Token expirado","Ambiente de QA disponible; usuario con acceso al modulo Acceso base; flujo Reset password habilitado; nivel de prueba UI + Feature HTTP disponible; token de prueba generado.","Ingresar al modulo Acceso base -> Abrir el flujo Reset password -> Ejecutar el escenario token expirado -> Validar respuesta del sistema y evidencia generada","El sistema rechaza la accion indicada, conserva la integridad del flujo y muestra el mensaje o validacion correspondiente.","Pendiente de ejecucion.",
F-004,"Acceso base","Reset password","Password policy","Ambiente de QA disponible; usuario con acceso al modulo Acceso base; flujo Reset password habilitado; nivel de prueba UI + Feature HTTP disponible; credenciales de prueba disponibles.","Ingresar al modulo Acceso base -> Abrir el flujo Reset password -> Ejecutar el escenario password policy -> Validar respuesta del sistema y evidencia generada","El sistema cumple correctamente con el escenario evaluado: password policy.","Pendiente de ejecucion.",
F-004,"Acceso base","Reset password","Confirmacion requerida","Ambiente de QA disponible; usuario con acceso al modulo Acceso base; flujo Reset password habilitado; nivel de prueba UI + Feature HTTP disponible.","Ingresar al modulo Acceso base -> Abrir el flujo Reset password -> Ejecutar el escenario confirmacion requerida -> Validar respuesta del sistema y evidencia generada","El sistema cumple correctamente con el escenario evaluado: confirmacion requerida.","Pendiente de ejecucion.",
F-004,"Acceso base","Reset password","Inicio de sesion posterior","Ambiente de QA disponible; usuario con acceso al modulo Acceso base; flujo Reset password habilitado; nivel de prueba UI + Feature HTTP disponible; credenciales de prueba disponibles.","Ingresar al modulo Acceso base -> Abrir el flujo Reset password -> Ejecutar el escenario inicio de sesion posterior -> Validar respuesta del sistema y evidencia generada","El sistema cumple correctamente con el escenario evaluado: inicio de sesion posterior.","Pendiente de ejecucion.",
F-005,"Acceso base","Verificacion de email","Aviso al usuario","Ambiente de QA disponible; usuario con acceso al modulo Acceso base; flujo Verificacion de email habilitado; nivel de prueba UI + Feature HTTP disponible.","Ingresar al modulo Acceso base -> Abrir el flujo Verificacion de email -> Ejecutar el escenario aviso al usuario -> Validar respuesta del sistema y evidencia generada","El sistema cumple correctamente con el escenario evaluado: aviso al usuario.","Pendiente de ejecucion.",
F-005,"Acceso base","Verificacion de email","Envio de nueva notificacion","Ambiente de QA disponible; usuario con acceso al modulo Acceso base; flujo Verificacion de email habilitado; nivel de prueba UI + Feature HTTP disponible.","Ingresar al modulo Acceso base -> Abrir el flujo Verificacion de email -> Ejecutar el escenario envio de nueva notificacion -> Validar respuesta del sistema y evidencia generada","El sistema genera y entrega la notificacion esperada sin errores.","Pendiente de ejecucion.",
F-005,"Acceso base","Verificacion de email","Enlace firmado valido","Ambiente de QA disponible; usuario con acceso al modulo Acceso base; flujo Verificacion de email habilitado; nivel de prueba UI + Feature HTTP disponible.","Ingresar al modulo Acceso base -> Abrir el flujo Verificacion de email -> Ejecutar el escenario enlace firmado valido -> Validar respuesta del sistema y evidencia generada","El sistema cumple correctamente con el escenario evaluado: enlace firmado valido.","Pendiente de ejecucion.",
F-005,"Acceso base","Verificacion de email","Enlace alterado o expirado","Ambiente de QA disponible; usuario con acceso al modulo Acceso base; flujo Verificacion de email habilitado; nivel de prueba UI + Feature HTTP disponible.","Ingresar al modulo Acceso base -> Abrir el flujo Verificacion de email -> Ejecutar el escenario enlace alterado o expirado -> Validar respuesta del sistema y evidencia generada","El sistema rechaza la accion indicada, conserva la integridad del flujo y muestra el mensaje o validacion correspondiente.","Pendiente de ejecucion.",
F-006,"Acceso base","Lock screen","Bloqueo manual","Ambiente de QA disponible; usuario con acceso al modulo Acceso base; flujo Lock screen habilitado; nivel de prueba UI + Feature HTTP disponible.","Ingresar al modulo Acceso base -> Abrir el flujo Lock screen -> Ejecutar el escenario bloqueo manual -> Validar respuesta del sistema y evidencia generada","El sistema impide el acceso o la accion no autorizada y mantiene protegido el recurso.","Pendiente de ejecucion.",
F-006,"Acceso base","Lock screen","Pantalla bloqueada aun con sesion valida","Ambiente de QA disponible; usuario con acceso al modulo Acceso base; flujo Lock screen habilitado; nivel de prueba UI + Feature HTTP disponible; credenciales de prueba disponibles.","Ingresar al modulo Acceso base -> Abrir el flujo Lock screen -> Ejecutar el escenario pantalla bloqueada aun con sesion valida -> Validar respuesta del sistema y evidencia generada","El sistema impide el acceso o la accion no autorizada y mantiene protegido el recurso.","Pendiente de ejecucion.",
F-006,"Acceso base","Lock screen","Desbloqueo con password correcta","Ambiente de QA disponible; usuario con acceso al modulo Acceso base; flujo Lock screen habilitado; nivel de prueba UI + Feature HTTP disponible; credenciales de prueba disponibles.","Ingresar al modulo Acceso base -> Abrir el flujo Lock screen -> Ejecutar el escenario desbloqueo con password correcta -> Validar respuesta del sistema y evidencia generada","El sistema impide el acceso o la accion no autorizada y mantiene protegido el recurso.","Pendiente de ejecucion.",
F-006,"Acceso base","Lock screen","Rechazo con password incorrecta","Ambiente de QA disponible; usuario con acceso al modulo Acceso base; flujo Lock screen habilitado; nivel de prueba UI + Feature HTTP disponible; credenciales de prueba disponibles.","Ingresar al modulo Acceso base -> Abrir el flujo Lock screen -> Ejecutar el escenario rechazo con password incorrecta -> Validar respuesta del sistema y evidencia generada","El sistema rechaza la accion indicada, conserva la integridad del flujo y muestra el mensaje o validacion correspondiente.","Pendiente de ejecucion.",
F-007,"Acceso base",Dashboard,"Visibilidad por rol","Ambiente de QA disponible; usuario con acceso al modulo Acceso base; flujo Dashboard habilitado; nivel de prueba UI disponible.","Ingresar al modulo Acceso base -> Abrir el flujo Dashboard -> Ejecutar el escenario visibilidad por rol -> Validar respuesta del sistema y evidencia generada","El sistema cumple correctamente con el escenario evaluado: visibilidad por rol.","Pendiente de ejecucion.",
F-007,"Acceso base",Dashboard,"Widgets sin error cuando no hay datos","Ambiente de QA disponible; usuario con acceso al modulo Acceso base; flujo Dashboard habilitado; nivel de prueba UI disponible; datos semilla cargados.","Ingresar al modulo Acceso base -> Abrir el flujo Dashboard -> Ejecutar el escenario widgets sin error cuando no hay datos -> Validar respuesta del sistema y evidencia generada","Los widgets se muestran sin errores con la informacion disponible para el usuario.","Pendiente de ejecucion.",
F-007,"Acceso base",Dashboard,"Carga con datos minimos y volumetricos","Ambiente de QA disponible; usuario con acceso al modulo Acceso base; flujo Dashboard habilitado; nivel de prueba UI disponible; datos semilla cargados.","Ingresar al modulo Acceso base -> Abrir el flujo Dashboard -> Ejecutar el escenario carga con datos minimos y volumetricos -> Validar respuesta del sistema y evidencia generada","El sistema cumple correctamente con el escenario evaluado: carga con datos minimos y volumetricos.","Pendiente de ejecucion.",
F-008,"Acceso base","Perfil de usuario","Editar nombre/email","Ambiente de QA disponible; usuario con acceso al modulo Acceso base; flujo Perfil de usuario habilitado; nivel de prueba UI + Feature HTTP disponible; correo de prueba configurado.","Ingresar al modulo Acceso base -> Abrir el flujo Perfil de usuario -> Ejecutar el escenario editar nombre/email -> Validar respuesta del sistema y evidencia generada","El sistema cumple correctamente con el escenario evaluado: editar nombre/email.","Pendiente de ejecucion.",
F-008,"Acceso base","Perfil de usuario",Validaciones,"Ambiente de QA disponible; usuario con acceso al modulo Acceso base; flujo Perfil de usuario habilitado; nivel de prueba UI + Feature HTTP disponible.","Ingresar al modulo Acceso base -> Abrir el flujo Perfil de usuario -> Ejecutar el escenario validaciones -> Validar respuesta del sistema y evidencia generada","El sistema cumple correctamente con el escenario evaluado: validaciones.","Pendiente de ejecucion.",
F-008,"Acceso base","Perfil de usuario","Cambio de password","Ambiente de QA disponible; usuario con acceso al modulo Acceso base; flujo Perfil de usuario habilitado; nivel de prueba UI + Feature HTTP disponible; credenciales de prueba disponibles.","Ingresar al modulo Acceso base -> Abrir el flujo Perfil de usuario -> Ejecutar el escenario cambio de password -> Validar respuesta del sistema y evidencia generada","El sistema cumple correctamente con el escenario evaluado: cambio de password.","Pendiente de ejecucion.",
F-008,"Acceso base","Perfil de usuario",Persistencia,"Ambiente de QA disponible; usuario con acceso al modulo Acceso base; flujo Perfil de usuario habilitado; nivel de prueba UI + Feature HTTP disponible.","Ingresar al modulo Acceso base -> Abrir el flujo Perfil de usuario -> Ejecutar el escenario persistencia -> Validar respuesta del sistema y evidencia generada","El sistema cumple correctamente con el escenario evaluado: persistencia.","Pendiente de ejecucion.",
F-008,"Acceso base","Perfil de usuario","Mensajes de exito y error","Ambiente de QA disponible; usuario con acceso al modulo Acceso base; flujo Perfil de usuario habilitado; nivel de prueba UI + Feature HTTP disponible.","Ingresar al modulo Acceso base -> Abrir el flujo Perfil de usuario -> Ejecutar el escenario mensajes de exito y error -> Validar respuesta del sistema y evidencia generada","El sistema cumple correctamente con el escenario evaluado: mensajes de exito y error.","Pendiente de ejecucion.",
F-009,"Acceso base","Eliminacion de cuenta","Borrado del usuario propietario","Ambiente de QA disponible; usuario con acceso al modulo Acceso base; flujo Eliminacion de cuenta habilitado; nivel de prueba Feature HTTP disponible.","Ingresar al modulo Acceso base -> Abrir el flujo Eliminacion de cuenta -> Ejecutar el escenario borrado del usuario propietario -> Validar respuesta del sistema y evidencia generada","La eliminacion se ejecuta conforme a las restricciones del negocio y sin afectar informacion no relacionada.","Pendiente de ejecucion.",
F-009,"Acceso base","Eliminacion de cuenta","Cierre de sesion","Ambiente de QA disponible; usuario con acceso al modulo Acceso base; flujo Eliminacion de cuenta habilitado; nivel de prueba Feature HTTP disponible; credenciales de prueba disponibles.","Ingresar al modulo Acceso base -> Abrir el flujo Eliminacion de cuenta -> Ejecutar el escenario cierre de sesion -> Validar respuesta del sistema y evidencia generada","El sistema cumple correctamente con el escenario evaluado: cierre de sesion.","Pendiente de ejecucion.",
F-009,"Acceso base","Eliminacion de cuenta","Proteccion contra borrado sin password correcta si aplica","Ambiente de QA disponible; usuario con acceso al modulo Acceso base; flujo Eliminacion de cuenta habilitado; nivel de prueba Feature HTTP disponible; credenciales de prueba disponibles.","Ingresar al modulo Acceso base -> Abrir el flujo Eliminacion de cuenta -> Ejecutar el escenario proteccion contra borrado sin password correcta si aplica -> Validar respuesta del sistema y evidencia generada","La eliminacion se ejecuta conforme a las restricciones del negocio y sin afectar informacion no relacionada.","Pendiente de ejecucion.",
F-010,"Acceso base","Centro de notificaciones",Listado,"Ambiente de QA disponible; usuario con acceso al modulo Acceso base; flujo Centro de notificaciones habilitado; nivel de prueba UI + Feature HTTP disponible; datos semilla cargados.","Ingresar al modulo Acceso base -> Abrir el flujo Centro de notificaciones -> Ejecutar el escenario listado -> Validar respuesta del sistema y evidencia generada","La informacion se muestra correctamente en pantalla, sin errores y con datos consistentes.","Pendiente de ejecucion.",
F-010,"Acceso base","Centro de notificaciones","Abrir notificacion redirige correctamente","Ambiente de QA disponible; usuario con acceso al modulo Acceso base; flujo Centro de notificaciones habilitado; nivel de prueba UI + Feature HTTP disponible.","Ingresar al modulo Acceso base -> Abrir el flujo Centro de notificaciones -> Ejecutar el escenario abrir notificacion redirige correctamente -> Validar respuesta del sistema y evidencia generada","El sistema genera y entrega la notificacion esperada sin errores.","Pendiente de ejecucion.",
F-010,"Acceso base","Centro de notificaciones","Marcar una como leida","Ambiente de QA disponible; usuario con acceso al modulo Acceso base; flujo Centro de notificaciones habilitado; nivel de prueba UI + Feature HTTP disponible.","Ingresar al modulo Acceso base -> Abrir el flujo Centro de notificaciones -> Ejecutar el escenario marcar una como leida -> Validar respuesta del sistema y evidencia generada","El sistema cumple correctamente con el escenario evaluado: marcar una como leida.","Pendiente de ejecucion.",
F-010,"Acceso base","Centro de notificaciones","Marcar todas como leidas","Ambiente de QA disponible; usuario con acceso al modulo Acceso base; flujo Centro de notificaciones habilitado; nivel de prueba UI + Feature HTTP disponible.","Ingresar al modulo Acceso base -> Abrir el flujo Centro de notificaciones -> Ejecutar el escenario marcar todas como leidas -> Validar respuesta del sistema y evidencia generada","El sistema cumple correctamente con el escenario evaluado: marcar todas como leidas.","Pendiente de ejecucion.",
F-011,Soporte,"Storage file proxy","Descarga de archivo existente","Ambiente de QA disponible; usuario con acceso al modulo Soporte; flujo Storage file proxy habilitado; nivel de prueba Feature HTTP disponible; archivo(s) de prueba disponible(s).","Ingresar al modulo Soporte -> Abrir el flujo Storage file proxy -> Ejecutar el escenario descarga de archivo existente -> Validar respuesta del sistema y evidencia generada","La descarga se genera correctamente y el archivo resultante es utilizable.","Pendiente de ejecucion.",
F-011,Soporte,"Storage file proxy","Mime correcto","Ambiente de QA disponible; usuario con acceso al modulo Soporte; flujo Storage file proxy habilitado; nivel de prueba Feature HTTP disponible.","Ingresar al modulo Soporte -> Abrir el flujo Storage file proxy -> Ejecutar el escenario mime correcto -> Validar respuesta del sistema y evidencia generada","El sistema cumple correctamente con el escenario evaluado: mime correcto.","Pendiente de ejecucion.",
F-011,Soporte,"Storage file proxy","404 en path inexistente","Ambiente de QA disponible; usuario con acceso al modulo Soporte; flujo Storage file proxy habilitado; nivel de prueba Feature HTTP disponible.","Ingresar al modulo Soporte -> Abrir el flujo Storage file proxy -> Ejecutar el escenario 404 en path inexistente -> Validar respuesta del sistema y evidencia generada","El sistema cumple correctamente con el escenario evaluado: 404 en path inexistente.","Pendiente de ejecucion.",
F-011,Soporte,"Storage file proxy","Rechazo a path traversal","Ambiente de QA disponible; usuario con acceso al modulo Soporte; flujo Storage file proxy habilitado; nivel de prueba Feature HTTP disponible.","Ingresar al modulo Soporte -> Abrir el flujo Storage file proxy -> Ejecutar el escenario rechazo a path traversal -> Validar respuesta del sistema y evidencia generada","El sistema rechaza la accion indicada, conserva la integridad del flujo y muestra el mensaje o validacion correspondiente.","Pendiente de ejecucion.",
F-012,Soporte,"Log viewer","Visualizacion de logs","Ambiente de QA disponible; usuario con acceso al modulo Soporte; flujo Log viewer habilitado; nivel de prueba UI + Feature HTTP disponible.","Ingresar al modulo Soporte -> Abrir el flujo Log viewer -> Ejecutar el escenario visualizacion de logs -> Validar respuesta del sistema y evidencia generada","El sistema cumple correctamente con el escenario evaluado: visualizacion de logs.","Pendiente de ejecucion.",
F-012,Soporte,"Log viewer","Limpieza de logs","Ambiente de QA disponible; usuario con acceso al modulo Soporte; flujo Log viewer habilitado; nivel de prueba UI + Feature HTTP disponible.","Ingresar al modulo Soporte -> Abrir el flujo Log viewer -> Ejecutar el escenario limpieza de logs -> Validar respuesta del sistema y evidencia generada","El sistema cumple correctamente con el escenario evaluado: limpieza de logs.","Pendiente de ejecucion.",
F-012,Soporte,"Log viewer","Restriccion de acceso","Ambiente de QA disponible; usuario con acceso al modulo Soporte; flujo Log viewer habilitado; nivel de prueba UI + Feature HTTP disponible.","Ingresar al modulo Soporte -> Abrir el flujo Log viewer -> Ejecutar el escenario restriccion de acceso -> Validar respuesta del sistema y evidencia generada","El sistema cumple correctamente con el escenario evaluado: restriccion de acceso.","Pendiente de ejecucion.",
F-012,Soporte,"Log viewer","Comportamiento sin archivo de log","Ambiente de QA disponible; usuario con acceso al modulo Soporte; flujo Log viewer habilitado; nivel de prueba UI + Feature HTTP disponible; archivo(s) de prueba disponible(s).","Ingresar al modulo Soporte -> Abrir el flujo Log viewer -> Ejecutar el escenario comportamiento sin archivo de log -> Validar respuesta del sistema y evidencia generada","El sistema cumple correctamente con el escenario evaluado: comportamiento sin archivo de log.","Pendiente de ejecucion.",
F-013,"Seguridad funcional","Matriz de acceso por modulo","Cada rol accede solo a modulos permitidos por config/module_access.php","Ambiente de QA disponible; usuario con acceso al modulo Seguridad funcional; flujo Matriz de acceso por modulo habilitado; nivel de prueba Feature HTTP disponible.","Ingresar al modulo Seguridad funcional -> Abrir el flujo Matriz de acceso por modulo -> Ejecutar el escenario cada rol accede solo a modulos permitidos por config/module_access.php -> Validar respuesta del sistema y evidencia generada","El sistema cumple correctamente con el escenario evaluado: cada rol accede solo a modulos permitidos por config/module_access.php.","Pendiente de ejecucion.",
F-013,"Seguridad funcional","Matriz de acceso por modulo","Alias super_admin y accountant resuelven correctamente","Ambiente de QA disponible; usuario con acceso al modulo Seguridad funcional; flujo Matriz de acceso por modulo habilitado; nivel de prueba Feature HTTP disponible.","Ingresar al modulo Seguridad funcional -> Abrir el flujo Matriz de acceso por modulo -> Ejecutar el escenario alias super_admin y accountant resuelven correctamente -> Validar respuesta del sistema y evidencia generada","El sistema cumple correctamente con el escenario evaluado: alias super_admin y accountant resuelven correctamente.","Pendiente de ejecucion.",
F-020,Proveedores,"Registro publico de proveedor","Alta completa","Ambiente de QA disponible; usuario con acceso al modulo Proveedores; flujo Registro publico de proveedor habilitado; nivel de prueba UI + Feature HTTP disponible.","Ingresar al modulo Proveedores -> Abrir el flujo Registro publico de proveedor -> Ejecutar el escenario alta completa -> Validar respuesta del sistema y evidencia generada","El registro se crea correctamente, respetando validaciones y reglas de negocio.","Pendiente de ejecucion.",
F-020,Proveedores,"Registro publico de proveedor","Campos obligatorios","Ambiente de QA disponible; usuario con acceso al modulo Proveedores; flujo Registro publico de proveedor habilitado; nivel de prueba UI + Feature HTTP disponible.","Ingresar al modulo Proveedores -> Abrir el flujo Registro publico de proveedor -> Ejecutar el escenario campos obligatorios -> Validar respuesta del sistema y evidencia generada","El sistema cumple correctamente con el escenario evaluado: campos obligatorios.","Pendiente de ejecucion.",
F-020,Proveedores,"Registro publico de proveedor","Datos fiscales validos","Ambiente de QA disponible; usuario con acceso al modulo Proveedores; flujo Registro publico de proveedor habilitado; nivel de prueba UI + Feature HTTP disponible; datos semilla cargados.","Ingresar al modulo Proveedores -> Abrir el flujo Registro publico de proveedor -> Ejecutar el escenario datos fiscales validos -> Validar respuesta del sistema y evidencia generada","El sistema cumple correctamente con el escenario evaluado: datos fiscales validos.","Pendiente de ejecucion.",
F-020,Proveedores,"Registro publico de proveedor","Persistencia de usuario y supplier","Ambiente de QA disponible; usuario con acceso al modulo Proveedores; flujo Registro publico de proveedor habilitado; nivel de prueba UI + Feature HTTP disponible.","Ingresar al modulo Proveedores -> Abrir el flujo Registro publico de proveedor -> Ejecutar el escenario persistencia de usuario y supplier -> Validar respuesta del sistema y evidencia generada","El sistema cumple correctamente con el escenario evaluado: persistencia de usuario y supplier.","Pendiente de ejecucion.",
F-020,Proveedores,"Registro publico de proveedor","Asignacion de rol supplier","Ambiente de QA disponible; usuario con acceso al modulo Proveedores; flujo Registro publico de proveedor habilitado; nivel de prueba UI + Feature HTTP disponible.","Ingresar al modulo Proveedores -> Abrir el flujo Registro publico de proveedor -> Ejecutar el escenario asignacion de rol supplier -> Validar respuesta del sistema y evidencia generada","El sistema cumple correctamente con el escenario evaluado: asignacion de rol supplier.","Pendiente de ejecucion.",
F-021,Proveedores,"Dominio de email permitido","Aceptacion de dominio permitido","Ambiente de QA disponible; usuario con acceso al modulo Proveedores; flujo Dominio de email permitido habilitado; nivel de prueba Feature HTTP + Rule disponible.","Ingresar al modulo Proveedores -> Abrir el flujo Dominio de email permitido -> Ejecutar el escenario aceptacion de dominio permitido -> Validar respuesta del sistema y evidencia generada","El sistema cumple correctamente con el escenario evaluado: aceptacion de dominio permitido.","Pendiente de ejecucion.",
F-021,Proveedores,"Dominio de email permitido","Rechazo de dominio no permitido","Ambiente de QA disponible; usuario con acceso al modulo Proveedores; flujo Dominio de email permitido habilitado; nivel de prueba Feature HTTP + Rule disponible.","Ingresar al modulo Proveedores -> Abrir el flujo Dominio de email permitido -> Ejecutar el escenario rechazo de dominio no permitido -> Validar respuesta del sistema y evidencia generada","El sistema rechaza la accion indicada, conserva la integridad del flujo y muestra el mensaje o validacion correspondiente.","Pendiente de ejecucion.",
F-021,Proveedores,"Dominio de email permitido","Normalizacion de mayusculas/minusculas","Ambiente de QA disponible; usuario con acceso al modulo Proveedores; flujo Dominio de email permitido habilitado; nivel de prueba Feature HTTP + Rule disponible.","Ingresar al modulo Proveedores -> Abrir el flujo Dominio de email permitido -> Ejecutar el escenario normalizacion de mayusculas/minusculas -> Validar respuesta del sistema y evidencia generada","El sistema cumple correctamente con el escenario evaluado: normalizacion de mayusculas/minusculas.","Pendiente de ejecucion.",
F-022,Proveedores,"Validacion de RFC","RFC valido persona moral/fisica","Ambiente de QA disponible; usuario con acceso al modulo Proveedores; flujo Validacion de RFC habilitado; nivel de prueba Feature HTTP + Rule disponible.","Ingresar al modulo Proveedores -> Abrir el flujo Validacion de RFC -> Ejecutar el escenario RFC valido persona moral/fisica -> Validar respuesta del sistema y evidencia generada","El sistema cumple correctamente con el escenario evaluado: RFC valido persona moral/fisica.","Pendiente de ejecucion.",
F-022,Proveedores,"Validacion de RFC","RFC invalido","Ambiente de QA disponible; usuario con acceso al modulo Proveedores; flujo Validacion de RFC habilitado; nivel de prueba Feature HTTP + Rule disponible.","Ingresar al modulo Proveedores -> Abrir el flujo Validacion de RFC -> Ejecutar el escenario RFC invalido -> Validar respuesta del sistema y evidencia generada","El sistema rechaza la accion indicada, conserva la integridad del flujo y muestra el mensaje o validacion correspondiente.","Pendiente de ejecucion.",
F-022,Proveedores,"Validacion de RFC","Formato con espacios","Ambiente de QA disponible; usuario con acceso al modulo Proveedores; flujo Validacion de RFC habilitado; nivel de prueba Feature HTTP + Rule disponible.","Ingresar al modulo Proveedores -> Abrir el flujo Validacion de RFC -> Ejecutar el escenario formato con espacios -> Validar respuesta del sistema y evidencia generada","El sistema cumple correctamente con el escenario evaluado: formato con espacios.","Pendiente de ejecucion.",
F-022,Proveedores,"Validacion de RFC",Duplicidad,"Ambiente de QA disponible; usuario con acceso al modulo Proveedores; flujo Validacion de RFC habilitado; nivel de prueba Feature HTTP + Rule disponible.","Ingresar al modulo Proveedores -> Abrir el flujo Validacion de RFC -> Ejecutar el escenario duplicidad -> Validar respuesta del sistema y evidencia generada","El sistema cumple correctamente con el escenario evaluado: duplicidad.","Pendiente de ejecucion.",
F-023,Proveedores,"Validacion EFOS en registro","Proveedor limpio","Ambiente de QA disponible; usuario con acceso al modulo Proveedores; flujo Validacion EFOS en registro habilitado; nivel de prueba Feature HTTP + Rule disponible.","Ingresar al modulo Proveedores -> Abrir el flujo Validacion EFOS en registro -> Ejecutar el escenario proveedor limpio -> Validar respuesta del sistema y evidencia generada","El sistema cumple correctamente con el escenario evaluado: proveedor limpio.","Pendiente de ejecucion.",
F-023,Proveedores,"Validacion EFOS en registro","Proveedor Presunto","Ambiente de QA disponible; usuario con acceso al modulo Proveedores; flujo Validacion EFOS en registro habilitado; nivel de prueba Feature HTTP + Rule disponible.","Ingresar al modulo Proveedores -> Abrir el flujo Validacion EFOS en registro -> Ejecutar el escenario proveedor Presunto -> Validar respuesta del sistema y evidencia generada","El sistema cumple correctamente con el escenario evaluado: proveedor Presunto.","Pendiente de ejecucion.",
F-023,Proveedores,"Validacion EFOS en registro","Proveedor Definitivo","Ambiente de QA disponible; usuario con acceso al modulo Proveedores; flujo Validacion EFOS en registro habilitado; nivel de prueba Feature HTTP + Rule disponible.","Ingresar al modulo Proveedores -> Abrir el flujo Validacion EFOS en registro -> Ejecutar el escenario proveedor Definitivo -> Validar respuesta del sistema y evidencia generada","El sistema cumple correctamente con el escenario evaluado: proveedor Definitivo.","Pendiente de ejecucion.",
F-023,Proveedores,"Validacion EFOS en registro","Mensaje funcional esperado","Ambiente de QA disponible; usuario con acceso al modulo Proveedores; flujo Validacion EFOS en registro habilitado; nivel de prueba Feature HTTP + Rule disponible.","Ingresar al modulo Proveedores -> Abrir el flujo Validacion EFOS en registro -> Ejecutar el escenario mensaje funcional esperado -> Validar respuesta del sistema y evidencia generada","El sistema cumple correctamente con el escenario evaluado: mensaje funcional esperado.","Pendiente de ejecucion.",
F-024,Proveedores,"REPSE condicionado","Captura obligatoria cuando proveedor es especializado","Ambiente de QA disponible; usuario con acceso al modulo Proveedores; flujo REPSE condicionado habilitado; nivel de prueba UI + Feature HTTP disponible.","Ingresar al modulo Proveedores -> Abrir el flujo REPSE condicionado -> Ejecutar el escenario captura obligatoria cuando proveedor es especializado -> Validar respuesta del sistema y evidencia generada","El sistema cumple correctamente con el escenario evaluado: captura obligatoria cuando proveedor es especializado.","Pendiente de ejecucion.",
F-024,Proveedores,"REPSE condicionado","No requerida cuando no aplica","Ambiente de QA disponible; usuario con acceso al modulo Proveedores; flujo REPSE condicionado habilitado; nivel de prueba UI + Feature HTTP disponible.","Ingresar al modulo Proveedores -> Abrir el flujo REPSE condicionado -> Ejecutar el escenario no requerida cuando no aplica -> Validar respuesta del sistema y evidencia generada","El sistema cumple correctamente con el escenario evaluado: no requerida cuando no aplica.","Pendiente de ejecucion.",
F-024,Proveedores,"REPSE condicionado","Edicion posterior","Ambiente de QA disponible; usuario con acceso al modulo Proveedores; flujo REPSE condicionado habilitado; nivel de prueba UI + Feature HTTP disponible.","Ingresar al modulo Proveedores -> Abrir el flujo REPSE condicionado -> Ejecutar el escenario edicion posterior -> Validar respuesta del sistema y evidencia generada","La actualizacion se aplica correctamente y los cambios quedan reflejados sin inconsistencias.","Pendiente de ejecucion.",
F-025,Proveedores,"Duplicidad de proveedor","Rechazo por email duplicado","Ambiente de QA disponible; usuario con acceso al modulo Proveedores; flujo Duplicidad de proveedor habilitado; nivel de prueba Feature HTTP disponible; correo de prueba configurado.","Ingresar al modulo Proveedores -> Abrir el flujo Duplicidad de proveedor -> Ejecutar el escenario rechazo por email duplicado -> Validar respuesta del sistema y evidencia generada","El sistema rechaza la accion indicada, conserva la integridad del flujo y muestra el mensaje o validacion correspondiente.","Pendiente de ejecucion.",
F-025,Proveedores,"Duplicidad de proveedor","Rechazo por RFC duplicado","Ambiente de QA disponible; usuario con acceso al modulo Proveedores; flujo Duplicidad de proveedor habilitado; nivel de prueba Feature HTTP disponible.","Ingresar al modulo Proveedores -> Abrir el flujo Duplicidad de proveedor -> Ejecutar el escenario rechazo por RFC duplicado -> Validar respuesta del sistema y evidencia generada","El sistema rechaza la accion indicada, conserva la integridad del flujo y muestra el mensaje o validacion correspondiente.","Pendiente de ejecucion.",
F-025,Proveedores,"Duplicidad de proveedor","Manejo de colisiones de company_name","Ambiente de QA disponible; usuario con acceso al modulo Proveedores; flujo Duplicidad de proveedor habilitado; nivel de prueba Feature HTTP disponible.","Ingresar al modulo Proveedores -> Abrir el flujo Duplicidad de proveedor -> Ejecutar el escenario manejo de colisiones de company_name -> Validar respuesta del sistema y evidencia generada","El sistema cumple correctamente con el escenario evaluado: manejo de colisiones de company_name.","Pendiente de ejecucion.",
F-026,Proveedores,"Notificacion a compradores por alta","Envio a usuarios buyer","Ambiente de QA disponible; usuario con acceso al modulo Proveedores; flujo Notificacion a compradores por alta habilitado; nivel de prueba Feature HTTP + Notification disponible.","Ingresar al modulo Proveedores -> Abrir el flujo Notificacion a compradores por alta -> Ejecutar el escenario envio a usuarios buyer -> Validar respuesta del sistema y evidencia generada","El sistema genera y entrega la notificacion esperada sin errores.","Pendiente de ejecucion.",
F-026,Proveedores,"Notificacion a compradores por alta","Contenido minimo","Ambiente de QA disponible; usuario con acceso al modulo Proveedores; flujo Notificacion a compradores por alta habilitado; nivel de prueba Feature HTTP + Notification disponible.","Ingresar al modulo Proveedores -> Abrir el flujo Notificacion a compradores por alta -> Ejecutar el escenario contenido minimo -> Validar respuesta del sistema y evidencia generada","El sistema cumple correctamente con el escenario evaluado: contenido minimo.","Pendiente de ejecucion.",
F-026,Proveedores,"Notificacion a compradores por alta","No envio a roles no destinatarios","Ambiente de QA disponible; usuario con acceso al modulo Proveedores; flujo Notificacion a compradores por alta habilitado; nivel de prueba Feature HTTP + Notification disponible.","Ingresar al modulo Proveedores -> Abrir el flujo Notificacion a compradores por alta -> Ejecutar el escenario no envio a roles no destinatarios -> Validar respuesta del sistema y evidencia generada","El sistema genera y entrega la notificacion esperada sin errores.","Pendiente de ejecucion.",
F-027,Proveedores,"Documentos del proveedor - upload","Carga exitosa","Ambiente de QA disponible; usuario con acceso al modulo Proveedores; flujo Documentos del proveedor - upload habilitado; nivel de prueba UI + Feature HTTP disponible.","Ingresar al modulo Proveedores -> Abrir el flujo Documentos del proveedor - upload -> Ejecutar el escenario carga exitosa -> Validar respuesta del sistema y evidencia generada","El sistema cumple correctamente con el escenario evaluado: carga exitosa.","Pendiente de ejecucion.",
F-027,Proveedores,"Documentos del proveedor - upload","Validacion de tipo/size","Ambiente de QA disponible; usuario con acceso al modulo Proveedores; flujo Documentos del proveedor - upload habilitado; nivel de prueba UI + Feature HTTP disponible.","Ingresar al modulo Proveedores -> Abrir el flujo Documentos del proveedor - upload -> Ejecutar el escenario validacion de tipo/size -> Validar respuesta del sistema y evidencia generada","El sistema cumple correctamente con el escenario evaluado: validacion de tipo/size.","Pendiente de ejecucion.",
F-027,Proveedores,"Documentos del proveedor - upload",Reemplazo,"Ambiente de QA disponible; usuario con acceso al modulo Proveedores; flujo Documentos del proveedor - upload habilitado; nivel de prueba UI + Feature HTTP disponible.","Ingresar al modulo Proveedores -> Abrir el flujo Documentos del proveedor - upload -> Ejecutar el escenario reemplazo -> Validar respuesta del sistema y evidencia generada","El sistema cumple correctamente con el escenario evaluado: reemplazo.","Pendiente de ejecucion.",
F-027,Proveedores,"Documentos del proveedor - upload","Multiples documentos","Ambiente de QA disponible; usuario con acceso al modulo Proveedores; flujo Documentos del proveedor - upload habilitado; nivel de prueba UI + Feature HTTP disponible.","Ingresar al modulo Proveedores -> Abrir el flujo Documentos del proveedor - upload -> Ejecutar el escenario multiples documentos -> Validar respuesta del sistema y evidencia generada","El sistema cumple correctamente con el escenario evaluado: multiples documentos.","Pendiente de ejecucion.",
F-027,Proveedores,"Documentos del proveedor - upload","Permisos por proveedor","Ambiente de QA disponible; usuario con acceso al modulo Proveedores; flujo Documentos del proveedor - upload habilitado; nivel de prueba UI + Feature HTTP disponible.","Ingresar al modulo Proveedores -> Abrir el flujo Documentos del proveedor - upload -> Ejecutar el escenario permisos por proveedor -> Validar respuesta del sistema y evidencia generada","El sistema cumple correctamente con el escenario evaluado: permisos por proveedor.","Pendiente de ejecucion.",
F-028,Proveedores,"Document review queue","Cola de pendientes","Ambiente de QA disponible; usuario con acceso al modulo Proveedores; flujo Document review queue habilitado; nivel de prueba UI + Feature HTTP disponible.","Ingresar al modulo Proveedores -> Abrir el flujo Document review queue -> Ejecutar el escenario cola de pendientes -> Validar respuesta del sistema y evidencia generada","El sistema cumple correctamente con el escenario evaluado: cola de pendientes.","Pendiente de ejecucion.",
F-028,Proveedores,"Document review queue",Filtros,"Ambiente de QA disponible; usuario con acceso al modulo Proveedores; flujo Document review queue habilitado; nivel de prueba UI + Feature HTTP disponible.","Ingresar al modulo Proveedores -> Abrir el flujo Document review queue -> Ejecutar el escenario filtros -> Validar respuesta del sistema y evidencia generada","El sistema cumple correctamente con el escenario evaluado: filtros.","Pendiente de ejecucion.",
F-028,Proveedores,"Document review queue","Acceso a detalle del supplier","Ambiente de QA disponible; usuario con acceso al modulo Proveedores; flujo Document review queue habilitado; nivel de prueba UI + Feature HTTP disponible.","Ingresar al modulo Proveedores -> Abrir el flujo Document review queue -> Ejecutar el escenario acceso a detalle del supplier -> Validar respuesta del sistema y evidencia generada","El sistema cumple correctamente con el escenario evaluado: acceso a detalle del supplier.","Pendiente de ejecucion.",
F-028,Proveedores,"Document review queue","Documentos visibles por estado","Ambiente de QA disponible; usuario con acceso al modulo Proveedores; flujo Document review queue habilitado; nivel de prueba UI + Feature HTTP disponible.","Ingresar al modulo Proveedores -> Abrir el flujo Document review queue -> Ejecutar el escenario documentos visibles por estado -> Validar respuesta del sistema y evidencia generada","El sistema cumple correctamente con el escenario evaluado: documentos visibles por estado.","Pendiente de ejecucion.",
F-029,Proveedores,"Aceptacion de documento","Aceptar documento pendiente","Ambiente de QA disponible; usuario con acceso al modulo Proveedores; flujo Aceptacion de documento habilitado; nivel de prueba Feature HTTP disponible.","Ingresar al modulo Proveedores -> Abrir el flujo Aceptacion de documento -> Ejecutar el escenario aceptar documento pendiente -> Validar respuesta del sistema y evidencia generada","El sistema cumple correctamente con el escenario evaluado: aceptar documento pendiente.","Pendiente de ejecucion.",
F-029,Proveedores,"Aceptacion de documento","Actualizacion de estado","Ambiente de QA disponible; usuario con acceso al modulo Proveedores; flujo Aceptacion de documento habilitado; nivel de prueba Feature HTTP disponible.","Ingresar al modulo Proveedores -> Abrir el flujo Aceptacion de documento -> Ejecutar el escenario actualizacion de estado -> Validar respuesta del sistema y evidencia generada","El sistema cumple correctamente con el escenario evaluado: actualizacion de estado.","Pendiente de ejecucion.",
F-029,Proveedores,"Aceptacion de documento",Traza/auditoria,"Ambiente de QA disponible; usuario con acceso al modulo Proveedores; flujo Aceptacion de documento habilitado; nivel de prueba Feature HTTP disponible.","Ingresar al modulo Proveedores -> Abrir el flujo Aceptacion de documento -> Ejecutar el escenario traza/auditoria -> Validar respuesta del sistema y evidencia generada","El sistema cumple correctamente con el escenario evaluado: traza/auditoria.","Pendiente de ejecucion.",
F-029,Proveedores,"Aceptacion de documento","Reintento de aceptacion invalido","Ambiente de QA disponible; usuario con acceso al modulo Proveedores; flujo Aceptacion de documento habilitado; nivel de prueba Feature HTTP disponible.","Ingresar al modulo Proveedores -> Abrir el flujo Aceptacion de documento -> Ejecutar el escenario reintento de aceptacion invalido -> Validar respuesta del sistema y evidencia generada","El sistema rechaza la accion indicada, conserva la integridad del flujo y muestra el mensaje o validacion correspondiente.","Pendiente de ejecucion.",
F-030,Proveedores,"Rechazo de documento y feedback","Rechazo con motivo","Ambiente de QA disponible; usuario con acceso al modulo Proveedores; flujo Rechazo de documento y feedback habilitado; nivel de prueba Feature HTTP + Notification/Mail disponible.","Ingresar al modulo Proveedores -> Abrir el flujo Rechazo de documento y feedback -> Ejecutar el escenario rechazo con motivo -> Validar respuesta del sistema y evidencia generada","El sistema rechaza la accion indicada, conserva la integridad del flujo y muestra el mensaje o validacion correspondiente.","Pendiente de ejecucion.",
F-030,Proveedores,"Rechazo de documento y feedback","Feedback entregado","Ambiente de QA disponible; usuario con acceso al modulo Proveedores; flujo Rechazo de documento y feedback habilitado; nivel de prueba Feature HTTP + Notification/Mail disponible.","Ingresar al modulo Proveedores -> Abrir el flujo Rechazo de documento y feedback -> Ejecutar el escenario feedback entregado -> Validar respuesta del sistema y evidencia generada","El sistema cumple correctamente con el escenario evaluado: feedback entregado.","Pendiente de ejecucion.",
F-030,Proveedores,"Rechazo de documento y feedback","Estado visible para proveedor","Ambiente de QA disponible; usuario con acceso al modulo Proveedores; flujo Rechazo de documento y feedback habilitado; nivel de prueba Feature HTTP + Notification/Mail disponible.","Ingresar al modulo Proveedores -> Abrir el flujo Rechazo de documento y feedback -> Ejecutar el escenario estado visible para proveedor -> Validar respuesta del sistema y evidencia generada","El sistema cumple correctamente con el escenario evaluado: estado visible para proveedor.","Pendiente de ejecucion.",
F-030,Proveedores,"Rechazo de documento y feedback","Validacion de motivo","Ambiente de QA disponible; usuario con acceso al modulo Proveedores; flujo Rechazo de documento y feedback habilitado; nivel de prueba Feature HTTP + Notification/Mail disponible.","Ingresar al modulo Proveedores -> Abrir el flujo Rechazo de documento y feedback -> Ejecutar el escenario validacion de motivo -> Validar respuesta del sistema y evidencia generada","El sistema cumple correctamente con el escenario evaluado: validacion de motivo.","Pendiente de ejecucion.",
F-031,Proveedores,"Eliminacion de documento","Proveedor elimina propio documento","Ambiente de QA disponible; usuario con acceso al modulo Proveedores; flujo Eliminacion de documento habilitado; nivel de prueba Feature HTTP disponible.","Ingresar al modulo Proveedores -> Abrir el flujo Eliminacion de documento -> Ejecutar el escenario proveedor elimina propio documento -> Validar respuesta del sistema y evidencia generada","El sistema cumple correctamente con el escenario evaluado: proveedor elimina propio documento.","Pendiente de ejecucion.",
F-031,Proveedores,"Eliminacion de documento","Admin elimina documento asociado","Ambiente de QA disponible; usuario con acceso al modulo Proveedores; flujo Eliminacion de documento habilitado; nivel de prueba Feature HTTP disponible.","Ingresar al modulo Proveedores -> Abrir el flujo Eliminacion de documento -> Ejecutar el escenario admin elimina documento asociado -> Validar respuesta del sistema y evidencia generada","El sistema cumple correctamente con el escenario evaluado: admin elimina documento asociado.","Pendiente de ejecucion.",
F-031,Proveedores,"Eliminacion de documento","Rechazo de eliminacion no autorizada","Ambiente de QA disponible; usuario con acceso al modulo Proveedores; flujo Eliminacion de documento habilitado; nivel de prueba Feature HTTP disponible.","Ingresar al modulo Proveedores -> Abrir el flujo Eliminacion de documento -> Ejecutar el escenario rechazo de eliminacion no autorizada -> Validar respuesta del sistema y evidencia generada","El sistema rechaza la accion indicada, conserva la integridad del flujo y muestra el mensaje o validacion correspondiente.","Pendiente de ejecucion.",
F-032,Proveedores,"Banca del proveedor","Alta/edicion de datos bancarios","Ambiente de QA disponible; usuario con acceso al modulo Proveedores; flujo Banca del proveedor habilitado; nivel de prueba UI + Feature HTTP disponible; datos semilla cargados.","Ingresar al modulo Proveedores -> Abrir el flujo Banca del proveedor -> Ejecutar el escenario alta/edicion de datos bancarios -> Validar respuesta del sistema y evidencia generada","El registro se crea correctamente, respetando validaciones y reglas de negocio.","Pendiente de ejecucion.",
F-032,Proveedores,"Banca del proveedor",Validaciones,"Ambiente de QA disponible; usuario con acceso al modulo Proveedores; flujo Banca del proveedor habilitado; nivel de prueba UI + Feature HTTP disponible.","Ingresar al modulo Proveedores -> Abrir el flujo Banca del proveedor -> Ejecutar el escenario validaciones -> Validar respuesta del sistema y evidencia generada","El sistema cumple correctamente con el escenario evaluado: validaciones.","Pendiente de ejecucion.",
F-032,Proveedores,"Banca del proveedor",Eliminacion,"Ambiente de QA disponible; usuario con acceso al modulo Proveedores; flujo Banca del proveedor habilitado; nivel de prueba UI + Feature HTTP disponible.","Ingresar al modulo Proveedores -> Abrir el flujo Banca del proveedor -> Ejecutar el escenario eliminacion -> Validar respuesta del sistema y evidencia generada","El sistema cumple correctamente con el escenario evaluado: eliminacion.","Pendiente de ejecucion.",
F-032,Proveedores,"Banca del proveedor","Ocultamiento de datos sensibles al rol incorrecto","Ambiente de QA disponible; usuario con acceso al modulo Proveedores; flujo Banca del proveedor habilitado; nivel de prueba UI + Feature HTTP disponible; datos semilla cargados.","Ingresar al modulo Proveedores -> Abrir el flujo Banca del proveedor -> Ejecutar el escenario ocultamiento de datos sensibles al rol incorrecto -> Validar respuesta del sistema y evidencia generada","El sistema rechaza la accion indicada, conserva la integridad del flujo y muestra el mensaje o validacion correspondiente.","Pendiente de ejecucion.",
F-033,Proveedores,"Actualizacion REPSE administrativa","Edicion por buyer/superadmin","Ambiente de QA disponible; usuario con acceso al modulo Proveedores; flujo Actualizacion REPSE administrativa habilitado; nivel de prueba Feature HTTP disponible.","Ingresar al modulo Proveedores -> Abrir el flujo Actualizacion REPSE administrativa -> Ejecutar el escenario edicion por buyer/superadmin -> Validar respuesta del sistema y evidencia generada","La actualizacion se aplica correctamente y los cambios quedan reflejados sin inconsistencias.","Pendiente de ejecucion.",
F-033,Proveedores,"Actualizacion REPSE administrativa",Persistencia,"Ambiente de QA disponible; usuario con acceso al modulo Proveedores; flujo Actualizacion REPSE administrativa habilitado; nivel de prueba Feature HTTP disponible.","Ingresar al modulo Proveedores -> Abrir el flujo Actualizacion REPSE administrativa -> Ejecutar el escenario persistencia -> Validar respuesta del sistema y evidencia generada","El sistema cumple correctamente con el escenario evaluado: persistencia.","Pendiente de ejecucion.",
F-033,Proveedores,"Actualizacion REPSE administrativa","Rechazo de actor sin permiso","Ambiente de QA disponible; usuario con acceso al modulo Proveedores; flujo Actualizacion REPSE administrativa habilitado; nivel de prueba Feature HTTP disponible.","Ingresar al modulo Proveedores -> Abrir el flujo Actualizacion REPSE administrativa -> Ejecutar el escenario rechazo de actor sin permiso -> Validar respuesta del sistema y evidencia generada","El sistema rechaza la accion indicada, conserva la integridad del flujo y muestra el mensaje o validacion correspondiente.","Pendiente de ejecucion.",
F-034,Proveedores,"SIROC CRUD",Index/create/show/edit/delete,"Ambiente de QA disponible; usuario con acceso al modulo Proveedores; flujo SIROC CRUD habilitado; nivel de prueba UI + Feature HTTP disponible.","Ingresar al modulo Proveedores -> Abrir el flujo SIROC CRUD -> Ejecutar el escenario index/create/show/edit/delete -> Validar respuesta del sistema y evidencia generada","El registro se crea correctamente, respetando validaciones y reglas de negocio.","Pendiente de ejecucion.",
F-034,Proveedores,"SIROC CRUD","Adjuntos si aplican","Ambiente de QA disponible; usuario con acceso al modulo Proveedores; flujo SIROC CRUD habilitado; nivel de prueba UI + Feature HTTP disponible.","Ingresar al modulo Proveedores -> Abrir el flujo SIROC CRUD -> Ejecutar el escenario adjuntos si aplican -> Validar respuesta del sistema y evidencia generada","El sistema cumple correctamente con el escenario evaluado: adjuntos si aplican.","Pendiente de ejecucion.",
F-034,Proveedores,"SIROC CRUD","Proveedor correcto","Ambiente de QA disponible; usuario con acceso al modulo Proveedores; flujo SIROC CRUD habilitado; nivel de prueba UI + Feature HTTP disponible.","Ingresar al modulo Proveedores -> Abrir el flujo SIROC CRUD -> Ejecutar el escenario proveedor correcto -> Validar respuesta del sistema y evidencia generada","El sistema cumple correctamente con el escenario evaluado: proveedor correcto.","Pendiente de ejecucion.",
F-034,Proveedores,"SIROC CRUD","Permisos admin","Ambiente de QA disponible; usuario con acceso al modulo Proveedores; flujo SIROC CRUD habilitado; nivel de prueba UI + Feature HTTP disponible.","Ingresar al modulo Proveedores -> Abrir el flujo SIROC CRUD -> Ejecutar el escenario permisos admin -> Validar respuesta del sistema y evidencia generada","El sistema cumple correctamente con el escenario evaluado: permisos admin.","Pendiente de ejecucion.",
F-035,Proveedores,"Administracion de usuario proveedor",Listado,"Ambiente de QA disponible; usuario con acceso al modulo Proveedores; flujo Administracion de usuario proveedor habilitado; nivel de prueba UI + Feature HTTP disponible; datos semilla cargados.","Ingresar al modulo Proveedores -> Abrir el flujo Administracion de usuario proveedor -> Ejecutar el escenario listado -> Validar respuesta del sistema y evidencia generada","La informacion se muestra correctamente en pantalla, sin errores y con datos consistentes.","Pendiente de ejecucion.",
F-035,Proveedores,"Administracion de usuario proveedor",Editar,"Ambiente de QA disponible; usuario con acceso al modulo Proveedores; flujo Administracion de usuario proveedor habilitado; nivel de prueba UI + Feature HTTP disponible.","Ingresar al modulo Proveedores -> Abrir el flujo Administracion de usuario proveedor -> Ejecutar el escenario editar -> Validar respuesta del sistema y evidencia generada","El sistema cumple correctamente con el escenario evaluado: editar.","Pendiente de ejecucion.",
F-035,Proveedores,"Administracion de usuario proveedor",Activar/desactivar,"Ambiente de QA disponible; usuario con acceso al modulo Proveedores; flujo Administracion de usuario proveedor habilitado; nivel de prueba UI + Feature HTTP disponible.","Ingresar al modulo Proveedores -> Abrir el flujo Administracion de usuario proveedor -> Ejecutar el escenario activar/desactivar -> Validar respuesta del sistema y evidencia generada","El sistema cumple correctamente con el escenario evaluado: activar/desactivar.","Pendiente de ejecucion.",
F-035,Proveedores,"Administracion de usuario proveedor",Borrar,"Ambiente de QA disponible; usuario con acceso al modulo Proveedores; flujo Administracion de usuario proveedor habilitado; nivel de prueba UI + Feature HTTP disponible.","Ingresar al modulo Proveedores -> Abrir el flujo Administracion de usuario proveedor -> Ejecutar el escenario borrar -> Validar respuesta del sistema y evidencia generada","El sistema cumple correctamente con el escenario evaluado: borrar.","Pendiente de ejecucion.",
F-035,Proveedores,"Administracion de usuario proveedor","Sincronizacion con entidad Supplier","Ambiente de QA disponible; usuario con acceso al modulo Proveedores; flujo Administracion de usuario proveedor habilitado; nivel de prueba UI + Feature HTTP disponible.","Ingresar al modulo Proveedores -> Abrir el flujo Administracion de usuario proveedor -> Ejecutar el escenario sincronizacion con entidad Supplier -> Validar respuesta del sistema y evidencia generada","El sistema cumple correctamente con el escenario evaluado: sincronizacion con entidad Supplier.","Pendiente de ejecucion.",
F-036,Proveedores,"Busqueda de suppliers","Busqueda por nombre/RFC","Ambiente de QA disponible; usuario con acceso al modulo Proveedores; flujo Busqueda de suppliers habilitado; nivel de prueba API interna disponible.","Ingresar al modulo Proveedores -> Abrir el flujo Busqueda de suppliers -> Ejecutar el escenario busqueda por nombre/RFC -> Validar respuesta del sistema y evidencia generada","El sistema cumple correctamente con el escenario evaluado: busqueda por nombre/RFC.","Pendiente de ejecucion.",
F-036,Proveedores,"Busqueda de suppliers","Filtrado por activos/aprobados si aplica","Ambiente de QA disponible; usuario con acceso al modulo Proveedores; flujo Busqueda de suppliers habilitado; nivel de prueba API interna disponible.","Ingresar al modulo Proveedores -> Abrir el flujo Busqueda de suppliers -> Ejecutar el escenario filtrado por activos/aprobados si aplica -> Validar respuesta del sistema y evidencia generada","El sistema cumple correctamente con el escenario evaluado: filtrado por activos/aprobados si aplica.","Pendiente de ejecucion.",
F-036,Proveedores,"Busqueda de suppliers","Respuesta vacia","Ambiente de QA disponible; usuario con acceso al modulo Proveedores; flujo Busqueda de suppliers habilitado; nivel de prueba API interna disponible.","Ingresar al modulo Proveedores -> Abrir el flujo Busqueda de suppliers -> Ejecutar el escenario respuesta vacia -> Validar respuesta del sistema y evidencia generada","El sistema cumple correctamente con el escenario evaluado: respuesta vacia.","Pendiente de ejecucion.",
F-036,Proveedores,"Busqueda de suppliers","Caracteres especiales","Ambiente de QA disponible; usuario con acceso al modulo Proveedores; flujo Busqueda de suppliers habilitado; nivel de prueba API interna disponible.","Ingresar al modulo Proveedores -> Abrir el flujo Busqueda de suppliers -> Ejecutar el escenario caracteres especiales -> Validar respuesta del sistema y evidencia generada","El sistema cumple correctamente con el escenario evaluado: caracteres especiales.","Pendiente de ejecucion.",
F-040,Usuarios,"Staff users CRUD","Crear staff","Ambiente de QA disponible; usuario con acceso al modulo Usuarios; flujo Staff users CRUD habilitado; nivel de prueba UI + Feature HTTP disponible.","Ingresar al modulo Usuarios -> Abrir el flujo Staff users CRUD -> Ejecutar el escenario crear staff -> Validar respuesta del sistema y evidencia generada","El sistema cumple correctamente con el escenario evaluado: crear staff.","Pendiente de ejecucion.",
F-040,Usuarios,"Staff users CRUD",Editar,"Ambiente de QA disponible; usuario con acceso al modulo Usuarios; flujo Staff users CRUD habilitado; nivel de prueba UI + Feature HTTP disponible.","Ingresar al modulo Usuarios -> Abrir el flujo Staff users CRUD -> Ejecutar el escenario editar -> Validar respuesta del sistema y evidencia generada","El sistema cumple correctamente con el escenario evaluado: editar.","Pendiente de ejecucion.",
F-040,Usuarios,"Staff users CRUD",Activar/desactivar,"Ambiente de QA disponible; usuario con acceso al modulo Usuarios; flujo Staff users CRUD habilitado; nivel de prueba UI + Feature HTTP disponible.","Ingresar al modulo Usuarios -> Abrir el flujo Staff users CRUD -> Ejecutar el escenario activar/desactivar -> Validar respuesta del sistema y evidencia generada","El sistema cumple correctamente con el escenario evaluado: activar/desactivar.","Pendiente de ejecucion.",
F-040,Usuarios,"Staff users CRUD",Eliminar,"Ambiente de QA disponible; usuario con acceso al modulo Usuarios; flujo Staff users CRUD habilitado; nivel de prueba UI + Feature HTTP disponible.","Ingresar al modulo Usuarios -> Abrir el flujo Staff users CRUD -> Ejecutar el escenario eliminar -> Validar respuesta del sistema y evidencia generada","El sistema cumple correctamente con el escenario evaluado: eliminar.","Pendiente de ejecucion.",
F-040,Usuarios,"Staff users CRUD",Validaciones,"Ambiente de QA disponible; usuario con acceso al modulo Usuarios; flujo Staff users CRUD habilitado; nivel de prueba UI + Feature HTTP disponible.","Ingresar al modulo Usuarios -> Abrir el flujo Staff users CRUD -> Ejecutar el escenario validaciones -> Validar respuesta del sistema y evidencia generada","El sistema cumple correctamente con el escenario evaluado: validaciones.","Pendiente de ejecucion.",
F-040,Usuarios,"Staff users CRUD","Listado datatable","Ambiente de QA disponible; usuario con acceso al modulo Usuarios; flujo Staff users CRUD habilitado; nivel de prueba UI + Feature HTTP disponible; datos semilla cargados.","Ingresar al modulo Usuarios -> Abrir el flujo Staff users CRUD -> Ejecutar el escenario listado datatable -> Validar respuesta del sistema y evidencia generada","La informacion se muestra correctamente en pantalla, sin errores y con datos consistentes.","Pendiente de ejecucion.",
F-041,Usuarios,"Asignacion de roles","Asignar multiples roles","Ambiente de QA disponible; usuario con acceso al modulo Usuarios; flujo Asignacion de roles habilitado; nivel de prueba UI + Feature HTTP disponible.","Ingresar al modulo Usuarios -> Abrir el flujo Asignacion de roles -> Ejecutar el escenario asignar multiples roles -> Validar respuesta del sistema y evidencia generada","El sistema cumple correctamente con el escenario evaluado: asignar multiples roles.","Pendiente de ejecucion.",
F-041,Usuarios,"Asignacion de roles","Reemplazo de roles","Ambiente de QA disponible; usuario con acceso al modulo Usuarios; flujo Asignacion de roles habilitado; nivel de prueba UI + Feature HTTP disponible.","Ingresar al modulo Usuarios -> Abrir el flujo Asignacion de roles -> Ejecutar el escenario reemplazo de roles -> Validar respuesta del sistema y evidencia generada","El sistema cumple correctamente con el escenario evaluado: reemplazo de roles.","Pendiente de ejecucion.",
F-041,Usuarios,"Asignacion de roles",Persistencia,"Ambiente de QA disponible; usuario con acceso al modulo Usuarios; flujo Asignacion de roles habilitado; nivel de prueba UI + Feature HTTP disponible.","Ingresar al modulo Usuarios -> Abrir el flujo Asignacion de roles -> Ejecutar el escenario persistencia -> Validar respuesta del sistema y evidencia generada","El sistema cumple correctamente con el escenario evaluado: persistencia.","Pendiente de ejecucion.",
F-041,Usuarios,"Asignacion de roles","Impacto inmediato en acceso","Ambiente de QA disponible; usuario con acceso al modulo Usuarios; flujo Asignacion de roles habilitado; nivel de prueba UI + Feature HTTP disponible.","Ingresar al modulo Usuarios -> Abrir el flujo Asignacion de roles -> Ejecutar el escenario impacto inmediato en acceso -> Validar respuesta del sistema y evidencia generada","El sistema cumple correctamente con el escenario evaluado: impacto inmediato en acceso.","Pendiente de ejecucion.",
F-042,Usuarios,"Asignacion de empresas","Asociar una o varias empresas","Ambiente de QA disponible; usuario con acceso al modulo Usuarios; flujo Asignacion de empresas habilitado; nivel de prueba UI + Feature HTTP disponible.","Ingresar al modulo Usuarios -> Abrir el flujo Asignacion de empresas -> Ejecutar el escenario asociar una o varias empresas -> Validar respuesta del sistema y evidencia generada","El sistema cumple correctamente con el escenario evaluado: asociar una o varias empresas.","Pendiente de ejecucion.",
F-042,Usuarios,"Asignacion de empresas","Quitar asociaciones","Ambiente de QA disponible; usuario con acceso al modulo Usuarios; flujo Asignacion de empresas habilitado; nivel de prueba UI + Feature HTTP disponible.","Ingresar al modulo Usuarios -> Abrir el flujo Asignacion de empresas -> Ejecutar el escenario quitar asociaciones -> Validar respuesta del sistema y evidencia generada","El sistema cumple correctamente con el escenario evaluado: quitar asociaciones.","Pendiente de ejecucion.",
F-042,Usuarios,"Asignacion de empresas","Usuario sin empresas","Ambiente de QA disponible; usuario con acceso al modulo Usuarios; flujo Asignacion de empresas habilitado; nivel de prueba UI + Feature HTTP disponible.","Ingresar al modulo Usuarios -> Abrir el flujo Asignacion de empresas -> Ejecutar el escenario usuario sin empresas -> Validar respuesta del sistema y evidencia generada","El sistema cumple correctamente con el escenario evaluado: usuario sin empresas.","Pendiente de ejecucion.",
F-042,Usuarios,"Asignacion de empresas","Efecto en visibilidad","Ambiente de QA disponible; usuario con acceso al modulo Usuarios; flujo Asignacion de empresas habilitado; nivel de prueba UI + Feature HTTP disponible.","Ingresar al modulo Usuarios -> Abrir el flujo Asignacion de empresas -> Ejecutar el escenario efecto en visibilidad -> Validar respuesta del sistema y evidencia generada","El sistema cumple correctamente con el escenario evaluado: efecto en visibilidad.","Pendiente de ejecucion.",
F-043,Usuarios,"Asignacion de centros de costo","Asociar multiples centros","Ambiente de QA disponible; usuario con acceso al modulo Usuarios; flujo Asignacion de centros de costo habilitado; nivel de prueba UI + Feature HTTP disponible.","Ingresar al modulo Usuarios -> Abrir el flujo Asignacion de centros de costo -> Ejecutar el escenario asociar multiples centros -> Validar respuesta del sistema y evidencia generada","El sistema cumple correctamente con el escenario evaluado: asociar multiples centros.","Pendiente de ejecucion.",
F-043,Usuarios,"Asignacion de centros de costo",Revocar,"Ambiente de QA disponible; usuario con acceso al modulo Usuarios; flujo Asignacion de centros de costo habilitado; nivel de prueba UI + Feature HTTP disponible.","Ingresar al modulo Usuarios -> Abrir el flujo Asignacion de centros de costo -> Ejecutar el escenario revocar -> Validar respuesta del sistema y evidencia generada","El sistema cumple correctamente con el escenario evaluado: revocar.","Pendiente de ejecucion.",
F-043,Usuarios,"Asignacion de centros de costo","Filtros posteriores por usuario","Ambiente de QA disponible; usuario con acceso al modulo Usuarios; flujo Asignacion de centros de costo habilitado; nivel de prueba UI + Feature HTTP disponible.","Ingresar al modulo Usuarios -> Abrir el flujo Asignacion de centros de costo -> Ejecutar el escenario filtros posteriores por usuario -> Validar respuesta del sistema y evidencia generada","El sistema cumple correctamente con el escenario evaluado: filtros posteriores por usuario.","Pendiente de ejecucion.",
F-044,Usuarios,"Staff welcome notification","Alta de usuario staff envia notificacion o mail correspondiente","Ambiente de QA disponible; usuario con acceso al modulo Usuarios; flujo Staff welcome notification habilitado; nivel de prueba Feature HTTP + Notification disponible.","Ingresar al modulo Usuarios -> Abrir el flujo Staff welcome notification -> Ejecutar el escenario alta de usuario staff envia notificacion o mail correspondiente -> Validar respuesta del sistema y evidencia generada","El sistema genera y entrega la notificacion esperada sin errores.","Pendiente de ejecucion.",
F-044,Usuarios,"Staff welcome notification","Payload correcto","Ambiente de QA disponible; usuario con acceso al modulo Usuarios; flujo Staff welcome notification habilitado; nivel de prueba Feature HTTP + Notification disponible.","Ingresar al modulo Usuarios -> Abrir el flujo Staff welcome notification -> Ejecutar el escenario payload correcto -> Validar respuesta del sistema y evidencia generada","El sistema cumple correctamente con el escenario evaluado: payload correcto.","Pendiente de ejecucion.",
F-045,Comunicados,"CRUD admin de announcements",Crear,"Ambiente de QA disponible; usuario con acceso al modulo Comunicados; flujo CRUD admin de announcements habilitado; nivel de prueba UI + Feature HTTP disponible.","Ingresar al modulo Comunicados -> Abrir el flujo CRUD admin de announcements -> Ejecutar el escenario crear -> Validar respuesta del sistema y evidencia generada","El sistema cumple correctamente con el escenario evaluado: crear.","Pendiente de ejecucion.",
F-045,Comunicados,"CRUD admin de announcements",Editar,"Ambiente de QA disponible; usuario con acceso al modulo Comunicados; flujo CRUD admin de announcements habilitado; nivel de prueba UI + Feature HTTP disponible.","Ingresar al modulo Comunicados -> Abrir el flujo CRUD admin de announcements -> Ejecutar el escenario editar -> Validar respuesta del sistema y evidencia generada","El sistema cumple correctamente con el escenario evaluado: editar.","Pendiente de ejecucion.",
F-045,Comunicados,"CRUD admin de announcements",Eliminar,"Ambiente de QA disponible; usuario con acceso al modulo Comunicados; flujo CRUD admin de announcements habilitado; nivel de prueba UI + Feature HTTP disponible.","Ingresar al modulo Comunicados -> Abrir el flujo CRUD admin de announcements -> Ejecutar el escenario eliminar -> Validar respuesta del sistema y evidencia generada","El sistema cumple correctamente con el escenario evaluado: eliminar.","Pendiente de ejecucion.",
F-045,Comunicados,"CRUD admin de announcements",Listado,"Ambiente de QA disponible; usuario con acceso al modulo Comunicados; flujo CRUD admin de announcements habilitado; nivel de prueba UI + Feature HTTP disponible; datos semilla cargados.","Ingresar al modulo Comunicados -> Abrir el flujo CRUD admin de announcements -> Ejecutar el escenario listado -> Validar respuesta del sistema y evidencia generada","La informacion se muestra correctamente en pantalla, sin errores y con datos consistentes.","Pendiente de ejecucion.",
F-045,Comunicados,"CRUD admin de announcements",Datatable,"Ambiente de QA disponible; usuario con acceso al modulo Comunicados; flujo CRUD admin de announcements habilitado; nivel de prueba UI + Feature HTTP disponible; datos semilla cargados.","Ingresar al modulo Comunicados -> Abrir el flujo CRUD admin de announcements -> Ejecutar el escenario datatable -> Validar respuesta del sistema y evidencia generada","La informacion se muestra correctamente en pantalla, sin errores y con datos consistentes.","Pendiente de ejecucion.",
F-045,Comunicados,"CRUD admin de announcements","Contenido vacio","Ambiente de QA disponible; usuario con acceso al modulo Comunicados; flujo CRUD admin de announcements habilitado; nivel de prueba UI + Feature HTTP disponible.","Ingresar al modulo Comunicados -> Abrir el flujo CRUD admin de announcements -> Ejecutar el escenario contenido vacio -> Validar respuesta del sistema y evidencia generada","El sistema cumple correctamente con el escenario evaluado: contenido vacio.","Pendiente de ejecucion.",
F-045,Comunicados,"CRUD admin de announcements",Fechas,"Ambiente de QA disponible; usuario con acceso al modulo Comunicados; flujo CRUD admin de announcements habilitado; nivel de prueba UI + Feature HTTP disponible.","Ingresar al modulo Comunicados -> Abrir el flujo CRUD admin de announcements -> Ejecutar el escenario fechas -> Validar respuesta del sistema y evidencia generada","El sistema cumple correctamente con el escenario evaluado: fechas.","Pendiente de ejecucion.",
F-045,Comunicados,"CRUD admin de announcements",Destinatarios,"Ambiente de QA disponible; usuario con acceso al modulo Comunicados; flujo CRUD admin de announcements habilitado; nivel de prueba UI + Feature HTTP disponible.","Ingresar al modulo Comunicados -> Abrir el flujo CRUD admin de announcements -> Ejecutar el escenario destinatarios -> Validar respuesta del sistema y evidencia generada","El sistema cumple correctamente con el escenario evaluado: destinatarios.","Pendiente de ejecucion.",
F-046,Comunicados,"Inbox del proveedor",Listado,"Ambiente de QA disponible; usuario con acceso al modulo Comunicados; flujo Inbox del proveedor habilitado; nivel de prueba UI + Feature HTTP disponible; datos semilla cargados.","Ingresar al modulo Comunicados -> Abrir el flujo Inbox del proveedor -> Ejecutar el escenario listado -> Validar respuesta del sistema y evidencia generada","La informacion se muestra correctamente en pantalla, sin errores y con datos consistentes.","Pendiente de ejecucion.",
F-046,Comunicados,"Inbox del proveedor","Apertura de anuncio","Ambiente de QA disponible; usuario con acceso al modulo Comunicados; flujo Inbox del proveedor habilitado; nivel de prueba UI + Feature HTTP disponible.","Ingresar al modulo Comunicados -> Abrir el flujo Inbox del proveedor -> Ejecutar el escenario apertura de anuncio -> Validar respuesta del sistema y evidencia generada","El sistema cumple correctamente con el escenario evaluado: apertura de anuncio.","Pendiente de ejecucion.",
F-046,Comunicados,"Inbox del proveedor",PDF,"Ambiente de QA disponible; usuario con acceso al modulo Comunicados; flujo Inbox del proveedor habilitado; nivel de prueba UI + Feature HTTP disponible; archivo(s) de prueba disponible(s).","Ingresar al modulo Comunicados -> Abrir el flujo Inbox del proveedor -> Ejecutar el escenario PDF -> Validar respuesta del sistema y evidencia generada","El sistema cumple correctamente con el escenario evaluado: PDF.","Pendiente de ejecucion.",
F-046,Comunicados,"Inbox del proveedor","Marcar visto","Ambiente de QA disponible; usuario con acceso al modulo Comunicados; flujo Inbox del proveedor habilitado; nivel de prueba UI + Feature HTTP disponible.","Ingresar al modulo Comunicados -> Abrir el flujo Inbox del proveedor -> Ejecutar el escenario marcar visto -> Validar respuesta del sistema y evidencia generada","El sistema cumple correctamente con el escenario evaluado: marcar visto.","Pendiente de ejecucion.",
F-046,Comunicados,"Inbox del proveedor",Dismiss,"Ambiente de QA disponible; usuario con acceso al modulo Comunicados; flujo Inbox del proveedor habilitado; nivel de prueba UI + Feature HTTP disponible.","Ingresar al modulo Comunicados -> Abrir el flujo Inbox del proveedor -> Ejecutar el escenario dismiss -> Validar respuesta del sistema y evidencia generada","El sistema cumple correctamente con el escenario evaluado: dismiss.","Pendiente de ejecucion.",
F-046,Comunicados,"Inbox del proveedor","No acceso a anuncios ajenos","Ambiente de QA disponible; usuario con acceso al modulo Comunicados; flujo Inbox del proveedor habilitado; nivel de prueba UI + Feature HTTP disponible.","Ingresar al modulo Comunicados -> Abrir el flujo Inbox del proveedor -> Ejecutar el escenario no acceso a anuncios ajenos -> Validar respuesta del sistema y evidencia generada","El sistema impide el acceso o la accion no autorizada y mantiene protegido el recurso.","Pendiente de ejecucion.",
F-047,Incidentes,"CRUD basico de incidentes",Alta,"Ambiente de QA disponible; usuario con acceso al modulo Incidentes; flujo CRUD basico de incidentes habilitado; nivel de prueba UI + Feature HTTP disponible.","Ingresar al modulo Incidentes -> Abrir el flujo CRUD basico de incidentes -> Ejecutar el escenario alta -> Validar respuesta del sistema y evidencia generada","El registro se crea correctamente, respetando validaciones y reglas de negocio.","Pendiente de ejecucion.",
F-047,Incidentes,"CRUD basico de incidentes",Validaciones,"Ambiente de QA disponible; usuario con acceso al modulo Incidentes; flujo CRUD basico de incidentes habilitado; nivel de prueba UI + Feature HTTP disponible.","Ingresar al modulo Incidentes -> Abrir el flujo CRUD basico de incidentes -> Ejecutar el escenario validaciones -> Validar respuesta del sistema y evidencia generada","El sistema cumple correctamente con el escenario evaluado: validaciones.","Pendiente de ejecucion.",
F-047,Incidentes,"CRUD basico de incidentes",Listado,"Ambiente de QA disponible; usuario con acceso al modulo Incidentes; flujo CRUD basico de incidentes habilitado; nivel de prueba UI + Feature HTTP disponible; datos semilla cargados.","Ingresar al modulo Incidentes -> Abrir el flujo CRUD basico de incidentes -> Ejecutar el escenario listado -> Validar respuesta del sistema y evidencia generada","La informacion se muestra correctamente en pantalla, sin errores y con datos consistentes.","Pendiente de ejecucion.",
F-047,Incidentes,"CRUD basico de incidentes",Eliminacion,"Ambiente de QA disponible; usuario con acceso al modulo Incidentes; flujo CRUD basico de incidentes habilitado; nivel de prueba UI + Feature HTTP disponible.","Ingresar al modulo Incidentes -> Abrir el flujo CRUD basico de incidentes -> Ejecutar el escenario eliminacion -> Validar respuesta del sistema y evidencia generada","El sistema cumple correctamente con el escenario evaluado: eliminacion.","Pendiente de ejecucion.",
F-047,Incidentes,"CRUD basico de incidentes","Adjuntos si aplica","Ambiente de QA disponible; usuario con acceso al modulo Incidentes; flujo CRUD basico de incidentes habilitado; nivel de prueba UI + Feature HTTP disponible.","Ingresar al modulo Incidentes -> Abrir el flujo CRUD basico de incidentes -> Ejecutar el escenario adjuntos si aplica -> Validar respuesta del sistema y evidencia generada","El sistema cumple correctamente con el escenario evaluado: adjuntos si aplica.","Pendiente de ejecucion.",
F-047,Incidentes,"CRUD basico de incidentes",Permisos,"Ambiente de QA disponible; usuario con acceso al modulo Incidentes; flujo CRUD basico de incidentes habilitado; nivel de prueba UI + Feature HTTP disponible.","Ingresar al modulo Incidentes -> Abrir el flujo CRUD basico de incidentes -> Ejecutar el escenario permisos -> Validar respuesta del sistema y evidencia generada","El sistema cumple correctamente con el escenario evaluado: permisos.","Pendiente de ejecucion.",
F-050,Catalogos,"Companies CRUD",Index/create/update/delete,"Ambiente de QA disponible; usuario con acceso al modulo Catalogos; flujo Companies CRUD habilitado; nivel de prueba UI + Feature HTTP disponible.","Ingresar al modulo Catalogos -> Abrir el flujo Companies CRUD -> Ejecutar el escenario index/create/update/delete -> Validar respuesta del sistema y evidencia generada","El registro se crea correctamente, respetando validaciones y reglas de negocio.","Pendiente de ejecucion.",
F-050,Catalogos,"Companies CRUD",Datatable,"Ambiente de QA disponible; usuario con acceso al modulo Catalogos; flujo Companies CRUD habilitado; nivel de prueba UI + Feature HTTP disponible; datos semilla cargados.","Ingresar al modulo Catalogos -> Abrir el flujo Companies CRUD -> Ejecutar el escenario datatable -> Validar respuesta del sistema y evidencia generada","La informacion se muestra correctamente en pantalla, sin errores y con datos consistentes.","Pendiente de ejecucion.",
F-050,Catalogos,"Companies CRUD","Validaciones de unicidad y estado","Ambiente de QA disponible; usuario con acceso al modulo Catalogos; flujo Companies CRUD habilitado; nivel de prueba UI + Feature HTTP disponible.","Ingresar al modulo Catalogos -> Abrir el flujo Companies CRUD -> Ejecutar el escenario validaciones de unicidad y estado -> Validar respuesta del sistema y evidencia generada","El sistema cumple correctamente con el escenario evaluado: validaciones de unicidad y estado.","Pendiente de ejecucion.",
F-051,Catalogos,"Stations CRUD",Alta/edicion/borrado,"Ambiente de QA disponible; usuario con acceso al modulo Catalogos; flujo Stations CRUD habilitado; nivel de prueba UI + Feature HTTP disponible.","Ingresar al modulo Catalogos -> Abrir el flujo Stations CRUD -> Ejecutar el escenario alta/edicion/borrado -> Validar respuesta del sistema y evidencia generada","El registro se crea correctamente, respetando validaciones y reglas de negocio.","Pendiente de ejecucion.",
F-051,Catalogos,"Stations CRUD",Datatable,"Ambiente de QA disponible; usuario con acceso al modulo Catalogos; flujo Stations CRUD habilitado; nivel de prueba UI + Feature HTTP disponible; datos semilla cargados.","Ingresar al modulo Catalogos -> Abrir el flujo Stations CRUD -> Ejecutar el escenario datatable -> Validar respuesta del sistema y evidencia generada","La informacion se muestra correctamente en pantalla, sin errores y con datos consistentes.","Pendiente de ejecucion.",
F-051,Catalogos,"Stations CRUD",Activacion/desactivacion,"Ambiente de QA disponible; usuario con acceso al modulo Catalogos; flujo Stations CRUD habilitado; nivel de prueba UI + Feature HTTP disponible.","Ingresar al modulo Catalogos -> Abrir el flujo Stations CRUD -> Ejecutar el escenario activacion/desactivacion -> Validar respuesta del sistema y evidencia generada","El sistema cumple correctamente con el escenario evaluado: activacion/desactivacion.","Pendiente de ejecucion.",
F-051,Catalogos,"Stations CRUD","Relacion con company","Ambiente de QA disponible; usuario con acceso al modulo Catalogos; flujo Stations CRUD habilitado; nivel de prueba UI + Feature HTTP disponible.","Ingresar al modulo Catalogos -> Abrir el flujo Stations CRUD -> Ejecutar el escenario relacion con company -> Validar respuesta del sistema y evidencia generada","El sistema cumple correctamente con el escenario evaluado: relacion con company.","Pendiente de ejecucion.",
F-052,Catalogos,"Stations - link company","Asociar estacion a company","Ambiente de QA disponible; usuario con acceso al modulo Catalogos; flujo Stations - link company habilitado; nivel de prueba Feature HTTP disponible.","Ingresar al modulo Catalogos -> Abrir el flujo Stations - link company -> Ejecutar el escenario asociar estacion a company -> Validar respuesta del sistema y evidencia generada","El sistema cumple correctamente con el escenario evaluado: asociar estacion a company.","Pendiente de ejecucion.",
F-052,Catalogos,"Stations - link company",Re-asociar,"Ambiente de QA disponible; usuario con acceso al modulo Catalogos; flujo Stations - link company habilitado; nivel de prueba Feature HTTP disponible.","Ingresar al modulo Catalogos -> Abrir el flujo Stations - link company -> Ejecutar el escenario re-asociar -> Validar respuesta del sistema y evidencia generada","El sistema cumple correctamente con el escenario evaluado: re-asociar.","Pendiente de ejecucion.",
F-052,Catalogos,"Stations - link company","Validar company inexistente","Ambiente de QA disponible; usuario con acceso al modulo Catalogos; flujo Stations - link company habilitado; nivel de prueba Feature HTTP disponible.","Ingresar al modulo Catalogos -> Abrir el flujo Stations - link company -> Ejecutar el escenario validar company inexistente -> Validar respuesta del sistema y evidencia generada","El sistema cumple correctamente con el escenario evaluado: validar company inexistente.","Pendiente de ejecucion.",
F-052,Catalogos,"Stations - link company","Reglas de integridad","Ambiente de QA disponible; usuario con acceso al modulo Catalogos; flujo Stations - link company habilitado; nivel de prueba Feature HTTP disponible.","Ingresar al modulo Catalogos -> Abrir el flujo Stations - link company -> Ejecutar el escenario reglas de integridad -> Validar respuesta del sistema y evidencia generada","El sistema cumple correctamente con el escenario evaluado: reglas de integridad.","Pendiente de ejecucion.",
F-053,Catalogos,"Taxes CRUD","Altas con porcentaje","Ambiente de QA disponible; usuario con acceso al modulo Catalogos; flujo Taxes CRUD habilitado; nivel de prueba UI + Feature HTTP disponible.","Ingresar al modulo Catalogos -> Abrir el flujo Taxes CRUD -> Ejecutar el escenario altas con porcentaje -> Validar respuesta del sistema y evidencia generada","El registro se crea correctamente, respetando validaciones y reglas de negocio.","Pendiente de ejecucion.",
F-053,Catalogos,"Taxes CRUD",Edicion,"Ambiente de QA disponible; usuario con acceso al modulo Catalogos; flujo Taxes CRUD habilitado; nivel de prueba UI + Feature HTTP disponible.","Ingresar al modulo Catalogos -> Abrir el flujo Taxes CRUD -> Ejecutar el escenario edicion -> Validar respuesta del sistema y evidencia generada","La actualizacion se aplica correctamente y los cambios quedan reflejados sin inconsistencias.","Pendiente de ejecucion.",
F-053,Catalogos,"Taxes CRUD",Listado,"Ambiente de QA disponible; usuario con acceso al modulo Catalogos; flujo Taxes CRUD habilitado; nivel de prueba UI + Feature HTTP disponible; datos semilla cargados.","Ingresar al modulo Catalogos -> Abrir el flujo Taxes CRUD -> Ejecutar el escenario listado -> Validar respuesta del sistema y evidencia generada","La informacion se muestra correctamente en pantalla, sin errores y con datos consistentes.","Pendiente de ejecucion.",
F-053,Catalogos,"Taxes CRUD","Borrado restringido si esta en uso","Ambiente de QA disponible; usuario con acceso al modulo Catalogos; flujo Taxes CRUD habilitado; nivel de prueba UI + Feature HTTP disponible.","Ingresar al modulo Catalogos -> Abrir el flujo Taxes CRUD -> Ejecutar el escenario borrado restringido si esta en uso -> Validar respuesta del sistema y evidencia generada","La eliminacion se ejecuta conforme a las restricciones del negocio y sin afectar informacion no relacionada.","Pendiente de ejecucion.",
F-054,Catalogos,"Departments CRUD",Create/update/delete/datatable,"Ambiente de QA disponible; usuario con acceso al modulo Catalogos; flujo Departments CRUD habilitado; nivel de prueba UI + Feature HTTP disponible; datos semilla cargados.","Ingresar al modulo Catalogos -> Abrir el flujo Departments CRUD -> Ejecutar el escenario create/update/delete/datatable -> Validar respuesta del sistema y evidencia generada","La informacion se muestra correctamente en pantalla, sin errores y con datos consistentes.","Pendiente de ejecucion.",
F-054,Catalogos,"Departments CRUD",Validaciones,"Ambiente de QA disponible; usuario con acceso al modulo Catalogos; flujo Departments CRUD habilitado; nivel de prueba UI + Feature HTTP disponible.","Ingresar al modulo Catalogos -> Abrir el flujo Departments CRUD -> Ejecutar el escenario validaciones -> Validar respuesta del sistema y evidencia generada","El sistema cumple correctamente con el escenario evaluado: validaciones.","Pendiente de ejecucion.",
F-054,Catalogos,"Departments CRUD","Comportamiento sin registros","Ambiente de QA disponible; usuario con acceso al modulo Catalogos; flujo Departments CRUD habilitado; nivel de prueba UI + Feature HTTP disponible.","Ingresar al modulo Catalogos -> Abrir el flujo Departments CRUD -> Ejecutar el escenario comportamiento sin registros -> Validar respuesta del sistema y evidencia generada","El sistema cumple correctamente con el escenario evaluado: comportamiento sin registros.","Pendiente de ejecucion.",
F-055,Catalogos,"Categories CRUD",Create/update/delete/datatable,"Ambiente de QA disponible; usuario con acceso al modulo Catalogos; flujo Categories CRUD habilitado; nivel de prueba UI + Feature HTTP disponible; datos semilla cargados.","Ingresar al modulo Catalogos -> Abrir el flujo Categories CRUD -> Ejecutar el escenario create/update/delete/datatable -> Validar respuesta del sistema y evidencia generada","La informacion se muestra correctamente en pantalla, sin errores y con datos consistentes.","Pendiente de ejecucion.",
F-055,Catalogos,"Categories CRUD","Filtros por uso presupuestal si aplican","Ambiente de QA disponible; usuario con acceso al modulo Catalogos; flujo Categories CRUD habilitado; nivel de prueba UI + Feature HTTP disponible.","Ingresar al modulo Catalogos -> Abrir el flujo Categories CRUD -> Ejecutar el escenario filtros por uso presupuestal si aplican -> Validar respuesta del sistema y evidencia generada","El sistema cumple correctamente con el escenario evaluado: filtros por uso presupuestal si aplican.","Pendiente de ejecucion.",
F-056,Catalogos,"Cost centers CRUD",Create/update/delete/datatable,"Ambiente de QA disponible; usuario con acceso al modulo Catalogos; flujo Cost centers CRUD habilitado; nivel de prueba UI + Feature HTTP disponible; datos semilla cargados.","Ingresar al modulo Catalogos -> Abrir el flujo Cost centers CRUD -> Ejecutar el escenario create/update/delete/datatable -> Validar respuesta del sistema y evidencia generada","La informacion se muestra correctamente en pantalla, sin errores y con datos consistentes.","Pendiente de ejecucion.",
F-056,Catalogos,"Cost centers CRUD","Campos obligatorios","Ambiente de QA disponible; usuario con acceso al modulo Catalogos; flujo Cost centers CRUD habilitado; nivel de prueba UI + Feature HTTP disponible.","Ingresar al modulo Catalogos -> Abrir el flujo Cost centers CRUD -> Ejecutar el escenario campos obligatorios -> Validar respuesta del sistema y evidencia generada","El sistema cumple correctamente con el escenario evaluado: campos obligatorios.","Pendiente de ejecucion.",
F-056,Catalogos,"Cost centers CRUD",Estados,"Ambiente de QA disponible; usuario con acceso al modulo Catalogos; flujo Cost centers CRUD habilitado; nivel de prueba UI + Feature HTTP disponible.","Ingresar al modulo Catalogos -> Abrir el flujo Cost centers CRUD -> Ejecutar el escenario estados -> Validar respuesta del sistema y evidencia generada","El sistema cumple correctamente con el escenario evaluado: estados.","Pendiente de ejecucion.",
F-056,Catalogos,"Cost centers CRUD","Tipo de centro","Ambiente de QA disponible; usuario con acceso al modulo Catalogos; flujo Cost centers CRUD habilitado; nivel de prueba UI + Feature HTTP disponible.","Ingresar al modulo Catalogos -> Abrir el flujo Cost centers CRUD -> Ejecutar el escenario tipo de centro -> Validar respuesta del sistema y evidencia generada","El sistema cumple correctamente con el escenario evaluado: tipo de centro.","Pendiente de ejecucion.",
F-057,Catalogos,"Cost centers por company","Respuesta filtrada por company","Ambiente de QA disponible; usuario con acceso al modulo Catalogos; flujo Cost centers por company habilitado; nivel de prueba API interna disponible.","Ingresar al modulo Catalogos -> Abrir el flujo Cost centers por company -> Ejecutar el escenario respuesta filtrada por company -> Validar respuesta del sistema y evidencia generada","El sistema cumple correctamente con el escenario evaluado: respuesta filtrada por company.","Pendiente de ejecucion.",
F-057,Catalogos,"Cost centers por company","Company sin centros","Ambiente de QA disponible; usuario con acceso al modulo Catalogos; flujo Cost centers por company habilitado; nivel de prueba API interna disponible.","Ingresar al modulo Catalogos -> Abrir el flujo Cost centers por company -> Ejecutar el escenario company sin centros -> Validar respuesta del sistema y evidencia generada","El sistema cumple correctamente con el escenario evaluado: company sin centros.","Pendiente de ejecucion.",
F-057,Catalogos,"Cost centers por company","Formato del payload","Ambiente de QA disponible; usuario con acceso al modulo Catalogos; flujo Cost centers por company habilitado; nivel de prueba API interna disponible.","Ingresar al modulo Catalogos -> Abrir el flujo Cost centers por company -> Ejecutar el escenario formato del payload -> Validar respuesta del sistema y evidencia generada","El sistema cumple correctamente con el escenario evaluado: formato del payload.","Pendiente de ejecucion.",
F-058,Catalogos,"Importacion de cost centers","Descarga de template","Ambiente de QA disponible; usuario con acceso al modulo Catalogos; flujo Importacion de cost centers habilitado; nivel de prueba UI + Feature HTTP + Service disponible.","Ingresar al modulo Catalogos -> Abrir el flujo Importacion de cost centers -> Ejecutar el escenario descarga de template -> Validar respuesta del sistema y evidencia generada","La descarga se genera correctamente y el archivo resultante es utilizable.","Pendiente de ejecucion.",
F-058,Catalogos,"Importacion de cost centers",Preview,"Ambiente de QA disponible; usuario con acceso al modulo Catalogos; flujo Importacion de cost centers habilitado; nivel de prueba UI + Feature HTTP + Service disponible.","Ingresar al modulo Catalogos -> Abrir el flujo Importacion de cost centers -> Ejecutar el escenario preview -> Validar respuesta del sistema y evidencia generada","El sistema cumple correctamente con el escenario evaluado: preview.","Pendiente de ejecucion.",
F-058,Catalogos,"Importacion de cost centers","Errores de parseo","Ambiente de QA disponible; usuario con acceso al modulo Catalogos; flujo Importacion de cost centers habilitado; nivel de prueba UI + Feature HTTP + Service disponible.","Ingresar al modulo Catalogos -> Abrir el flujo Importacion de cost centers -> Ejecutar el escenario errores de parseo -> Validar respuesta del sistema y evidencia generada","El sistema cumple correctamente con el escenario evaluado: errores de parseo.","Pendiente de ejecucion.",
F-058,Catalogos,"Importacion de cost centers",Confirmacion,"Ambiente de QA disponible; usuario con acceso al modulo Catalogos; flujo Importacion de cost centers habilitado; nivel de prueba UI + Feature HTTP + Service disponible.","Ingresar al modulo Catalogos -> Abrir el flujo Importacion de cost centers -> Ejecutar el escenario confirmacion -> Validar respuesta del sistema y evidencia generada","El sistema cumple correctamente con el escenario evaluado: confirmacion.","Pendiente de ejecucion.",
F-058,Catalogos,"Importacion de cost centers","No duplicados","Ambiente de QA disponible; usuario con acceso al modulo Catalogos; flujo Importacion de cost centers habilitado; nivel de prueba UI + Feature HTTP + Service disponible.","Ingresar al modulo Catalogos -> Abrir el flujo Importacion de cost centers -> Ejecutar el escenario no duplicados -> Validar respuesta del sistema y evidencia generada","El sistema cumple correctamente con el escenario evaluado: no duplicados.","Pendiente de ejecucion.",
F-058,Catalogos,"Importacion de cost centers","Rollback en importacion invalida","Ambiente de QA disponible; usuario con acceso al modulo Catalogos; flujo Importacion de cost centers habilitado; nivel de prueba UI + Feature HTTP + Service disponible.","Ingresar al modulo Catalogos -> Abrir el flujo Importacion de cost centers -> Ejecutar el escenario rollback en importacion invalida -> Validar respuesta del sistema y evidencia generada","El sistema cumple correctamente con el escenario evaluado: rollback en importacion invalida.","Pendiente de ejecucion.",
F-059,Catalogos,"Filtro por purchase type","Comportamiento de centros ANNUAL vs FREE_CONSUMPTION","Ambiente de QA disponible; usuario con acceso al modulo Catalogos; flujo Filtro por purchase type habilitado; nivel de prueba Service/Feature HTTP disponible.","Ingresar al modulo Catalogos -> Abrir el flujo Filtro por purchase type -> Ejecutar el escenario comportamiento de centros ANNUAL vs FREE_CONSUMPTION -> Validar respuesta del sistema y evidencia generada","El sistema cumple correctamente con el escenario evaluado: comportamiento de centros ANNUAL vs FREE_CONSUMPTION.","Pendiente de ejecucion.",
F-059,Catalogos,"Filtro por purchase type","Disponibilidad en formularios","Ambiente de QA disponible; usuario con acceso al modulo Catalogos; flujo Filtro por purchase type habilitado; nivel de prueba Service/Feature HTTP disponible.","Ingresar al modulo Catalogos -> Abrir el flujo Filtro por purchase type -> Ejecutar el escenario disponibilidad en formularios -> Validar respuesta del sistema y evidencia generada","El sistema cumple correctamente con el escenario evaluado: disponibilidad en formularios.","Pendiente de ejecucion.",
F-060,Catalogos,"Receiving locations CRUD",Alta/edicion/show/delete,"Ambiente de QA disponible; usuario con acceso al modulo Catalogos; flujo Receiving locations CRUD habilitado; nivel de prueba UI + Feature HTTP disponible.","Ingresar al modulo Catalogos -> Abrir el flujo Receiving locations CRUD -> Ejecutar el escenario alta/edicion/show/delete -> Validar respuesta del sistema y evidencia generada","El registro se crea correctamente, respetando validaciones y reglas de negocio.","Pendiente de ejecucion.",
F-060,Catalogos,"Receiving locations CRUD","Data endpoint","Ambiente de QA disponible; usuario con acceso al modulo Catalogos; flujo Receiving locations CRUD habilitado; nivel de prueba UI + Feature HTTP disponible.","Ingresar al modulo Catalogos -> Abrir el flujo Receiving locations CRUD -> Ejecutar el escenario data endpoint -> Validar respuesta del sistema y evidencia generada","El sistema cumple correctamente con el escenario evaluado: data endpoint.","Pendiente de ejecucion.",
F-060,Catalogos,"Receiving locations CRUD",Validaciones,"Ambiente de QA disponible; usuario con acceso al modulo Catalogos; flujo Receiving locations CRUD habilitado; nivel de prueba UI + Feature HTTP disponible.","Ingresar al modulo Catalogos -> Abrir el flujo Receiving locations CRUD -> Ejecutar el escenario validaciones -> Validar respuesta del sistema y evidencia generada","El sistema cumple correctamente con el escenario evaluado: validaciones.","Pendiente de ejecucion.",
F-060,Catalogos,"Receiving locations CRUD","Asociacion con estaciones","Ambiente de QA disponible; usuario con acceso al modulo Catalogos; flujo Receiving locations CRUD habilitado; nivel de prueba UI + Feature HTTP disponible.","Ingresar al modulo Catalogos -> Abrir el flujo Receiving locations CRUD -> Ejecutar el escenario asociacion con estaciones -> Validar respuesta del sistema y evidencia generada","El sistema cumple correctamente con el escenario evaluado: asociacion con estaciones.","Pendiente de ejecucion.",
F-061,Catalogos,"Receiving locations bloqueo portal","Block/unblock portal","Ambiente de QA disponible; usuario con acceso al modulo Catalogos; flujo Receiving locations bloqueo portal habilitado; nivel de prueba Feature HTTP disponible.","Ingresar al modulo Catalogos -> Abrir el flujo Receiving locations bloqueo portal -> Ejecutar el escenario block/unblock portal -> Validar respuesta del sistema y evidencia generada","El sistema cumple correctamente con el escenario evaluado: block/unblock portal.","Pendiente de ejecucion.",
F-061,Catalogos,"Receiving locations bloqueo portal","Efecto visible en portal proveedor","Ambiente de QA disponible; usuario con acceso al modulo Catalogos; flujo Receiving locations bloqueo portal habilitado; nivel de prueba Feature HTTP disponible.","Ingresar al modulo Catalogos -> Abrir el flujo Receiving locations bloqueo portal -> Ejecutar el escenario efecto visible en portal proveedor -> Validar respuesta del sistema y evidencia generada","El sistema cumple correctamente con el escenario evaluado: efecto visible en portal proveedor.","Pendiente de ejecucion.",
F-061,Catalogos,"Receiving locations bloqueo portal","Actor sin permiso es rechazado","Ambiente de QA disponible; usuario con acceso al modulo Catalogos; flujo Receiving locations bloqueo portal habilitado; nivel de prueba Feature HTTP disponible.","Ingresar al modulo Catalogos -> Abrir el flujo Receiving locations bloqueo portal -> Ejecutar el escenario actor sin permiso es rechazado -> Validar respuesta del sistema y evidencia generada","El sistema cumple correctamente con el escenario evaluado: actor sin permiso es rechazado.","Pendiente de ejecucion.",
F-062,Catalogos,"Cat suppliers",Listado,"Ambiente de QA disponible; usuario con acceso al modulo Catalogos; flujo Cat suppliers habilitado; nivel de prueba UI + Feature HTTP disponible; datos semilla cargados.","Ingresar al modulo Catalogos -> Abrir el flujo Cat suppliers -> Ejecutar el escenario listado -> Validar respuesta del sistema y evidencia generada","La informacion se muestra correctamente en pantalla, sin errores y con datos consistentes.","Pendiente de ejecucion.",
F-062,Catalogos,"Cat suppliers",Datatable,"Ambiente de QA disponible; usuario con acceso al modulo Catalogos; flujo Cat suppliers habilitado; nivel de prueba UI + Feature HTTP disponible; datos semilla cargados.","Ingresar al modulo Catalogos -> Abrir el flujo Cat suppliers -> Ejecutar el escenario datatable -> Validar respuesta del sistema y evidencia generada","La informacion se muestra correctamente en pantalla, sin errores y con datos consistentes.","Pendiente de ejecucion.",
F-062,Catalogos,"Cat suppliers",Edicion,"Ambiente de QA disponible; usuario con acceso al modulo Catalogos; flujo Cat suppliers habilitado; nivel de prueba UI + Feature HTTP disponible.","Ingresar al modulo Catalogos -> Abrir el flujo Cat suppliers -> Ejecutar el escenario edicion -> Validar respuesta del sistema y evidencia generada","La actualizacion se aplica correctamente y los cambios quedan reflejados sin inconsistencias.","Pendiente de ejecucion.",
F-062,Catalogos,"Cat suppliers",Validaciones,"Ambiente de QA disponible; usuario con acceso al modulo Catalogos; flujo Cat suppliers habilitado; nivel de prueba UI + Feature HTTP disponible.","Ingresar al modulo Catalogos -> Abrir el flujo Cat suppliers -> Ejecutar el escenario validaciones -> Validar respuesta del sistema y evidencia generada","El sistema cumple correctamente con el escenario evaluado: validaciones.","Pendiente de ejecucion.",
F-063,Catalogos,"SAT retenciones","CRUD completo","Ambiente de QA disponible; usuario con acceso al modulo Catalogos; flujo SAT retenciones habilitado; nivel de prueba UI + Feature HTTP disponible.","Ingresar al modulo Catalogos -> Abrir el flujo SAT retenciones -> Ejecutar el escenario CRUD completo -> Validar respuesta del sistema y evidencia generada","El sistema cumple correctamente con el escenario evaluado: CRUD completo.","Pendiente de ejecucion.",
F-063,Catalogos,"SAT retenciones",Datatable,"Ambiente de QA disponible; usuario con acceso al modulo Catalogos; flujo SAT retenciones habilitado; nivel de prueba UI + Feature HTTP disponible; datos semilla cargados.","Ingresar al modulo Catalogos -> Abrir el flujo SAT retenciones -> Ejecutar el escenario datatable -> Validar respuesta del sistema y evidencia generada","La informacion se muestra correctamente en pantalla, sin errores y con datos consistentes.","Pendiente de ejecucion.",
F-063,Catalogos,"SAT retenciones","Valores SAT validos","Ambiente de QA disponible; usuario con acceso al modulo Catalogos; flujo SAT retenciones habilitado; nivel de prueba UI + Feature HTTP disponible.","Ingresar al modulo Catalogos -> Abrir el flujo SAT retenciones -> Ejecutar el escenario valores SAT validos -> Validar respuesta del sistema y evidencia generada","El sistema cumple correctamente con el escenario evaluado: valores SAT validos.","Pendiente de ejecucion.",
F-063,Catalogos,"SAT retenciones","Rechazo de duplicados","Ambiente de QA disponible; usuario con acceso al modulo Catalogos; flujo SAT retenciones habilitado; nivel de prueba UI + Feature HTTP disponible.","Ingresar al modulo Catalogos -> Abrir el flujo SAT retenciones -> Ejecutar el escenario rechazo de duplicados -> Validar respuesta del sistema y evidencia generada","El sistema rechaza la accion indicada, conserva la integridad del flujo y muestra el mensaje o validacion correspondiente.","Pendiente de ejecucion.",
F-064,Empleados,"Catalogo de empleados",Listado,"Ambiente de QA disponible; usuario con acceso al modulo Empleados; flujo Catalogo de empleados habilitado; nivel de prueba UI + Feature HTTP disponible; datos semilla cargados.","Ingresar al modulo Empleados -> Abrir el flujo Catalogo de empleados -> Ejecutar el escenario listado -> Validar respuesta del sistema y evidencia generada","La informacion se muestra correctamente en pantalla, sin errores y con datos consistentes.","Pendiente de ejecucion.",
F-064,Empleados,"Catalogo de empleados",Datatable,"Ambiente de QA disponible; usuario con acceso al modulo Empleados; flujo Catalogo de empleados habilitado; nivel de prueba UI + Feature HTTP disponible; datos semilla cargados.","Ingresar al modulo Empleados -> Abrir el flujo Catalogo de empleados -> Ejecutar el escenario datatable -> Validar respuesta del sistema y evidencia generada","La informacion se muestra correctamente en pantalla, sin errores y con datos consistentes.","Pendiente de ejecucion.",
F-064,Empleados,"Catalogo de empleados",Filtros,"Ambiente de QA disponible; usuario con acceso al modulo Empleados; flujo Catalogo de empleados habilitado; nivel de prueba UI + Feature HTTP disponible.","Ingresar al modulo Empleados -> Abrir el flujo Catalogo de empleados -> Ejecutar el escenario filtros -> Validar respuesta del sistema y evidencia generada","El sistema cumple correctamente con el escenario evaluado: filtros.","Pendiente de ejecucion.",
F-064,Empleados,"Catalogo de empleados","Render sin foto","Ambiente de QA disponible; usuario con acceso al modulo Empleados; flujo Catalogo de empleados habilitado; nivel de prueba UI + Feature HTTP disponible.","Ingresar al modulo Empleados -> Abrir el flujo Catalogo de empleados -> Ejecutar el escenario render sin foto -> Validar respuesta del sistema y evidencia generada","El sistema cumple correctamente con el escenario evaluado: render sin foto.","Pendiente de ejecucion.",
F-064,Empleados,"Catalogo de empleados","Datos de jerarquia","Ambiente de QA disponible; usuario con acceso al modulo Empleados; flujo Catalogo de empleados habilitado; nivel de prueba UI + Feature HTTP disponible; datos semilla cargados.","Ingresar al modulo Empleados -> Abrir el flujo Catalogo de empleados -> Ejecutar el escenario datos de jerarquia -> Validar respuesta del sistema y evidencia generada","El sistema cumple correctamente con el escenario evaluado: datos de jerarquia.","Pendiente de ejecucion.",
F-065,Empleados,"Promocion de empleado","Promocion valida","Ambiente de QA disponible; usuario con acceso al modulo Empleados; flujo Promocion de empleado habilitado; nivel de prueba UI + Feature HTTP disponible.","Ingresar al modulo Empleados -> Abrir el flujo Promocion de empleado -> Ejecutar el escenario promocion valida -> Validar respuesta del sistema y evidencia generada","El sistema cumple correctamente con el escenario evaluado: promocion valida.","Pendiente de ejecucion.",
F-065,Empleados,"Promocion de empleado","Cambio de puesto/lider","Ambiente de QA disponible; usuario con acceso al modulo Empleados; flujo Promocion de empleado habilitado; nivel de prueba UI + Feature HTTP disponible.","Ingresar al modulo Empleados -> Abrir el flujo Promocion de empleado -> Ejecutar el escenario cambio de puesto/lider -> Validar respuesta del sistema y evidencia generada","El sistema cumple correctamente con el escenario evaluado: cambio de puesto/lider.","Pendiente de ejecucion.",
F-065,Empleados,"Promocion de empleado",Validaciones,"Ambiente de QA disponible; usuario con acceso al modulo Empleados; flujo Promocion de empleado habilitado; nivel de prueba UI + Feature HTTP disponible.","Ingresar al modulo Empleados -> Abrir el flujo Promocion de empleado -> Ejecutar el escenario validaciones -> Validar respuesta del sistema y evidencia generada","El sistema cumple correctamente con el escenario evaluado: validaciones.","Pendiente de ejecucion.",
F-065,Empleados,"Promocion de empleado","Traza en employee_events","Ambiente de QA disponible; usuario con acceso al modulo Empleados; flujo Promocion de empleado habilitado; nivel de prueba UI + Feature HTTP disponible.","Ingresar al modulo Empleados -> Abrir el flujo Promocion de empleado -> Ejecutar el escenario traza en employee_events -> Validar respuesta del sistema y evidencia generada","El sistema cumple correctamente con el escenario evaluado: traza en employee_events.","Pendiente de ejecucion.",
F-066,Empleados,"Carga de foto","Upload permitido","Ambiente de QA disponible; usuario con acceso al modulo Empleados; flujo Carga de foto habilitado; nivel de prueba UI + Feature HTTP disponible.","Ingresar al modulo Empleados -> Abrir el flujo Carga de foto -> Ejecutar el escenario upload permitido -> Validar respuesta del sistema y evidencia generada","El sistema cumple correctamente con el escenario evaluado: upload permitido.","Pendiente de ejecucion.",
F-066,Empleados,"Carga de foto","Validacion de tipo y size","Ambiente de QA disponible; usuario con acceso al modulo Empleados; flujo Carga de foto habilitado; nivel de prueba UI + Feature HTTP disponible.","Ingresar al modulo Empleados -> Abrir el flujo Carga de foto -> Ejecutar el escenario validacion de tipo y size -> Validar respuesta del sistema y evidencia generada","El sistema cumple correctamente con el escenario evaluado: validacion de tipo y size.","Pendiente de ejecucion.",
F-066,Empleados,"Carga de foto","Reemplazo de foto","Ambiente de QA disponible; usuario con acceso al modulo Empleados; flujo Carga de foto habilitado; nivel de prueba UI + Feature HTTP disponible.","Ingresar al modulo Empleados -> Abrir el flujo Carga de foto -> Ejecutar el escenario reemplazo de foto -> Validar respuesta del sistema y evidencia generada","El sistema cumple correctamente con el escenario evaluado: reemplazo de foto.","Pendiente de ejecucion.",
F-066,Empleados,"Carga de foto","Rechazo sin permiso","Ambiente de QA disponible; usuario con acceso al modulo Empleados; flujo Carga de foto habilitado; nivel de prueba UI + Feature HTTP disponible.","Ingresar al modulo Empleados -> Abrir el flujo Carga de foto -> Ejecutar el escenario rechazo sin permiso -> Validar respuesta del sistema y evidencia generada","El sistema rechaza la accion indicada, conserva la integridad del flujo y muestra el mensaje o validacion correspondiente.","Pendiente de ejecucion.",
F-067,"API empleados","Recepcion externa de empleados","Proteccion por api.key","Ambiente de QA disponible; usuario con acceso al modulo API empleados; flujo Recepcion externa de empleados habilitado; nivel de prueba API externa disponible.","Ingresar al modulo API empleados -> Abrir el flujo Recepcion externa de empleados -> Ejecutar el escenario proteccion por api.key -> Validar respuesta del sistema y evidencia generada","El sistema cumple correctamente con el escenario evaluado: proteccion por api.key.","Pendiente de ejecucion.",
F-067,"API empleados","Recepcion externa de empleados","Payload valido","Ambiente de QA disponible; usuario con acceso al modulo API empleados; flujo Recepcion externa de empleados habilitado; nivel de prueba API externa disponible.","Ingresar al modulo API empleados -> Abrir el flujo Recepcion externa de empleados -> Ejecutar el escenario payload valido -> Validar respuesta del sistema y evidencia generada","El sistema cumple correctamente con el escenario evaluado: payload valido.","Pendiente de ejecucion.",
F-067,"API empleados","Recepcion externa de empleados","Payload incompleto","Ambiente de QA disponible; usuario con acceso al modulo API empleados; flujo Recepcion externa de empleados habilitado; nivel de prueba API externa disponible.","Ingresar al modulo API empleados -> Abrir el flujo Recepcion externa de empleados -> Ejecutar el escenario payload incompleto -> Validar respuesta del sistema y evidencia generada","El sistema cumple correctamente con el escenario evaluado: payload incompleto.","Pendiente de ejecucion.",
F-067,"API empleados","Recepcion externa de empleados","Idempotencia por empleado","Ambiente de QA disponible; usuario con acceso al modulo API empleados; flujo Recepcion externa de empleados habilitado; nivel de prueba API externa disponible.","Ingresar al modulo API empleados -> Abrir el flujo Recepcion externa de empleados -> Ejecutar el escenario idempotencia por empleado -> Validar respuesta del sistema y evidencia generada","El sistema cumple correctamente con el escenario evaluado: idempotencia por empleado.","Pendiente de ejecucion.",
F-067,"API empleados","Recepcion externa de empleados","Respuesta HTTP correcta","Ambiente de QA disponible; usuario con acceso al modulo API empleados; flujo Recepcion externa de empleados habilitado; nivel de prueba API externa disponible.","Ingresar al modulo API empleados -> Abrir el flujo Recepcion externa de empleados -> Ejecutar el escenario respuesta HTTP correcta -> Validar respuesta del sistema y evidencia generada","El sistema cumple correctamente con el escenario evaluado: respuesta HTTP correcta.","Pendiente de ejecucion.",
F-068,"API empleados","Resolver lideres pendientes","Asignacion correcta de lideres","Ambiente de QA disponible; usuario con acceso al modulo API empleados; flujo Resolver lideres pendientes habilitado; nivel de prueba API externa disponible.","Ingresar al modulo API empleados -> Abrir el flujo Resolver lideres pendientes -> Ejecutar el escenario asignacion correcta de lideres -> Validar respuesta del sistema y evidencia generada","El sistema cumple correctamente con el escenario evaluado: asignacion correcta de lideres.","Pendiente de ejecucion.",
F-068,"API empleados","Resolver lideres pendientes","Rechazo sin api key","Ambiente de QA disponible; usuario con acceso al modulo API empleados; flujo Resolver lideres pendientes habilitado; nivel de prueba API externa disponible.","Ingresar al modulo API empleados -> Abrir el flujo Resolver lideres pendientes -> Ejecutar el escenario rechazo sin api key -> Validar respuesta del sistema y evidencia generada","El sistema rechaza la accion indicada, conserva la integridad del flujo y muestra el mensaje o validacion correspondiente.","Pendiente de ejecucion.",
F-068,"API empleados","Resolver lideres pendientes","Ejecucion repetida segura","Ambiente de QA disponible; usuario con acceso al modulo API empleados; flujo Resolver lideres pendientes habilitado; nivel de prueba API externa disponible.","Ingresar al modulo API empleados -> Abrir el flujo Resolver lideres pendientes -> Ejecutar el escenario ejecucion repetida segura -> Validar respuesta del sistema y evidencia generada","El sistema cumple correctamente con el escenario evaluado: ejecucion repetida segura.","Pendiente de ejecucion.",
F-070,Presupuesto,"Annual budgets CRUD",Create/show/edit/delete/index/datatable,"Ambiente de QA disponible; usuario con acceso al modulo Presupuesto; flujo Annual budgets CRUD habilitado; nivel de prueba UI + Feature HTTP disponible; datos semilla cargados.","Ingresar al modulo Presupuesto -> Abrir el flujo Annual budgets CRUD -> Ejecutar el escenario create/show/edit/delete/index/datatable -> Validar respuesta del sistema y evidencia generada","La informacion se muestra correctamente en pantalla, sin errores y con datos consistentes.","Pendiente de ejecucion.",
F-070,Presupuesto,"Annual budgets CRUD","Ejercicio duplicado","Ambiente de QA disponible; usuario con acceso al modulo Presupuesto; flujo Annual budgets CRUD habilitado; nivel de prueba UI + Feature HTTP disponible.","Ingresar al modulo Presupuesto -> Abrir el flujo Annual budgets CRUD -> Ejecutar el escenario ejercicio duplicado -> Validar respuesta del sistema y evidencia generada","El sistema cumple correctamente con el escenario evaluado: ejercicio duplicado.","Pendiente de ejecucion.",
F-070,Presupuesto,"Annual budgets CRUD","Centro invalido","Ambiente de QA disponible; usuario con acceso al modulo Presupuesto; flujo Annual budgets CRUD habilitado; nivel de prueba UI + Feature HTTP disponible.","Ingresar al modulo Presupuesto -> Abrir el flujo Annual budgets CRUD -> Ejecutar el escenario centro invalido -> Validar respuesta del sistema y evidencia generada","El sistema rechaza la accion indicada, conserva la integridad del flujo y muestra el mensaje o validacion correspondiente.","Pendiente de ejecucion.",
F-070,Presupuesto,"Annual budgets CRUD","Estado de presupuesto","Ambiente de QA disponible; usuario con acceso al modulo Presupuesto; flujo Annual budgets CRUD habilitado; nivel de prueba UI + Feature HTTP disponible.","Ingresar al modulo Presupuesto -> Abrir el flujo Annual budgets CRUD -> Ejecutar el escenario estado de presupuesto -> Validar respuesta del sistema y evidencia generada","El sistema cumple correctamente con el escenario evaluado: estado de presupuesto.","Pendiente de ejecucion.",
F-071,Presupuesto,"Aprobacion de annual budget","Aprobar presupuesto","Ambiente de QA disponible; usuario con acceso al modulo Presupuesto; flujo Aprobacion de annual budget habilitado; nivel de prueba UI + Feature HTTP disponible.","Ingresar al modulo Presupuesto -> Abrir el flujo Aprobacion de annual budget -> Ejecutar el escenario aprobar presupuesto -> Validar respuesta del sistema y evidencia generada","El sistema cumple correctamente con el escenario evaluado: aprobar presupuesto.","Pendiente de ejecucion.",
F-071,Presupuesto,"Aprobacion de annual budget","Rechazo si faltan distribuciones","Ambiente de QA disponible; usuario con acceso al modulo Presupuesto; flujo Aprobacion de annual budget habilitado; nivel de prueba UI + Feature HTTP disponible.","Ingresar al modulo Presupuesto -> Abrir el flujo Aprobacion de annual budget -> Ejecutar el escenario rechazo si faltan distribuciones -> Validar respuesta del sistema y evidencia generada","El sistema rechaza la accion indicada, conserva la integridad del flujo y muestra el mensaje o validacion correspondiente.","Pendiente de ejecucion.",
F-071,Presupuesto,"Aprobacion de annual budget","Solo actor autorizado","Ambiente de QA disponible; usuario con acceso al modulo Presupuesto; flujo Aprobacion de annual budget habilitado; nivel de prueba UI + Feature HTTP disponible.","Ingresar al modulo Presupuesto -> Abrir el flujo Aprobacion de annual budget -> Ejecutar el escenario solo actor autorizado -> Validar respuesta del sistema y evidencia generada","El sistema cumple correctamente con el escenario evaluado: solo actor autorizado.","Pendiente de ejecucion.",
F-071,Presupuesto,"Aprobacion de annual budget","Persistencia de estado","Ambiente de QA disponible; usuario con acceso al modulo Presupuesto; flujo Aprobacion de annual budget habilitado; nivel de prueba UI + Feature HTTP disponible.","Ingresar al modulo Presupuesto -> Abrir el flujo Aprobacion de annual budget -> Ejecutar el escenario persistencia de estado -> Validar respuesta del sistema y evidencia generada","El sistema cumple correctamente con el escenario evaluado: persistencia de estado.","Pendiente de ejecucion.",
F-072,Presupuesto,"Available categories por mes","Categorias disponibles por presupuesto y mes","Ambiente de QA disponible; usuario con acceso al modulo Presupuesto; flujo Available categories por mes habilitado; nivel de prueba API interna disponible.","Ingresar al modulo Presupuesto -> Abrir el flujo Available categories por mes -> Ejecutar el escenario categorias disponibles por presupuesto y mes -> Validar respuesta del sistema y evidencia generada","El sistema cumple correctamente con el escenario evaluado: categorias disponibles por presupuesto y mes.","Pendiente de ejecucion.",
F-072,Presupuesto,"Available categories por mes","Sin categorias","Ambiente de QA disponible; usuario con acceso al modulo Presupuesto; flujo Available categories por mes habilitado; nivel de prueba API interna disponible.","Ingresar al modulo Presupuesto -> Abrir el flujo Available categories por mes -> Ejecutar el escenario sin categorias -> Validar respuesta del sistema y evidencia generada","El sistema cumple correctamente con el escenario evaluado: sin categorias.","Pendiente de ejecucion.",
F-072,Presupuesto,"Available categories por mes","Respuesta consistente con distribuciones","Ambiente de QA disponible; usuario con acceso al modulo Presupuesto; flujo Available categories por mes habilitado; nivel de prueba API interna disponible.","Ingresar al modulo Presupuesto -> Abrir el flujo Available categories por mes -> Ejecutar el escenario respuesta consistente con distribuciones -> Validar respuesta del sistema y evidencia generada","El sistema cumple correctamente con el escenario evaluado: respuesta consistente con distribuciones.","Pendiente de ejecucion.",
F-073,Presupuesto,"Check availability","Suficiente presupuesto","Ambiente de QA disponible; usuario con acceso al modulo Presupuesto; flujo Check availability habilitado; nivel de prueba API interna + Service disponible.","Ingresar al modulo Presupuesto -> Abrir el flujo Check availability -> Ejecutar el escenario suficiente presupuesto -> Validar respuesta del sistema y evidencia generada","El sistema cumple correctamente con el escenario evaluado: suficiente presupuesto.","Pendiente de ejecucion.",
F-073,Presupuesto,"Check availability","Insuficiente presupuesto","Ambiente de QA disponible; usuario con acceso al modulo Presupuesto; flujo Check availability habilitado; nivel de prueba API interna + Service disponible.","Ingresar al modulo Presupuesto -> Abrir el flujo Check availability -> Ejecutar el escenario insuficiente presupuesto -> Validar respuesta del sistema y evidencia generada","El sistema cumple correctamente con el escenario evaluado: insuficiente presupuesto.","Pendiente de ejecucion.",
F-073,Presupuesto,"Check availability","Centro FREE_CONSUMPTION","Ambiente de QA disponible; usuario con acceso al modulo Presupuesto; flujo Check availability habilitado; nivel de prueba API interna + Service disponible.","Ingresar al modulo Presupuesto -> Abrir el flujo Check availability -> Ejecutar el escenario centro FREE_CONSUMPTION -> Validar respuesta del sistema y evidencia generada","El sistema cumple correctamente con el escenario evaluado: centro FREE_CONSUMPTION.","Pendiente de ejecucion.",
F-073,Presupuesto,"Check availability","Categorias no configuradas","Ambiente de QA disponible; usuario con acceso al modulo Presupuesto; flujo Check availability habilitado; nivel de prueba API interna + Service disponible.","Ingresar al modulo Presupuesto -> Abrir el flujo Check availability -> Ejecutar el escenario categorias no configuradas -> Validar respuesta del sistema y evidencia generada","El sistema cumple correctamente con el escenario evaluado: categorias no configuradas.","Pendiente de ejecucion.",
F-074,Presupuesto,"Budget monthly distributions",Index/datatable/create/store/matrix/show/edit/update,"Ambiente de QA disponible; usuario con acceso al modulo Presupuesto; flujo Budget monthly distributions habilitado; nivel de prueba UI + Feature HTTP disponible; datos semilla cargados.","Ingresar al modulo Presupuesto -> Abrir el flujo Budget monthly distributions -> Ejecutar el escenario index/datatable/create/store/matrix/show/edit/update -> Validar respuesta del sistema y evidencia generada","La informacion se muestra correctamente en pantalla, sin errores y con datos consistentes.","Pendiente de ejecucion.",
F-074,Presupuesto,"Budget monthly distributions","Validacion de totales","Ambiente de QA disponible; usuario con acceso al modulo Presupuesto; flujo Budget monthly distributions habilitado; nivel de prueba UI + Feature HTTP disponible.","Ingresar al modulo Presupuesto -> Abrir el flujo Budget monthly distributions -> Ejecutar el escenario validacion de totales -> Validar respuesta del sistema y evidencia generada","El sistema cumple correctamente con el escenario evaluado: validacion de totales.","Pendiente de ejecucion.",
F-074,Presupuesto,"Budget monthly distributions","Meses faltantes","Ambiente de QA disponible; usuario con acceso al modulo Presupuesto; flujo Budget monthly distributions habilitado; nivel de prueba UI + Feature HTTP disponible.","Ingresar al modulo Presupuesto -> Abrir el flujo Budget monthly distributions -> Ejecutar el escenario meses faltantes -> Validar respuesta del sistema y evidencia generada","El registro se crea correctamente, respetando validaciones y reglas de negocio.","Pendiente de ejecucion.",
F-075,Presupuesto,"Expense categories",Store,"Ambiente de QA disponible; usuario con acceso al modulo Presupuesto; flujo Expense categories habilitado; nivel de prueba UI + API interna disponible.","Ingresar al modulo Presupuesto -> Abrir el flujo Expense categories -> Ejecutar el escenario store -> Validar respuesta del sistema y evidencia generada","El sistema cumple correctamente con el escenario evaluado: store.","Pendiente de ejecucion.",
F-075,Presupuesto,"Expense categories",Select,"Ambiente de QA disponible; usuario con acceso al modulo Presupuesto; flujo Expense categories habilitado; nivel de prueba UI + API interna disponible.","Ingresar al modulo Presupuesto -> Abrir el flujo Expense categories -> Ejecutar el escenario select -> Validar respuesta del sistema y evidencia generada","El sistema cumple correctamente con el escenario evaluado: select.","Pendiente de ejecucion.",
F-075,Presupuesto,"Expense categories",By-budget,"Ambiente de QA disponible; usuario con acceso al modulo Presupuesto; flujo Expense categories habilitado; nivel de prueba UI + API interna disponible.","Ingresar al modulo Presupuesto -> Abrir el flujo Expense categories -> Ejecutar el escenario by-budget -> Validar respuesta del sistema y evidencia generada","El sistema cumple correctamente con el escenario evaluado: by-budget.","Pendiente de ejecucion.",
F-075,Presupuesto,"Expense categories",By-cost-center,"Ambiente de QA disponible; usuario con acceso al modulo Presupuesto; flujo Expense categories habilitado; nivel de prueba UI + API interna disponible.","Ingresar al modulo Presupuesto -> Abrir el flujo Expense categories -> Ejecutar el escenario by-cost-center -> Validar respuesta del sistema y evidencia generada","El sistema cumple correctamente con el escenario evaluado: by-cost-center.","Pendiente de ejecucion.",
F-075,Presupuesto,"Expense categories","Respuesta correcta a filtros","Ambiente de QA disponible; usuario con acceso al modulo Presupuesto; flujo Expense categories habilitado; nivel de prueba UI + API interna disponible.","Ingresar al modulo Presupuesto -> Abrir el flujo Expense categories -> Ejecutar el escenario respuesta correcta a filtros -> Validar respuesta del sistema y evidencia generada","El sistema cumple correctamente con el escenario evaluado: respuesta correcta a filtros.","Pendiente de ejecucion.",
F-076,Presupuesto,"Budget movements CRUD","Crear traslado","Ambiente de QA disponible; usuario con acceso al modulo Presupuesto; flujo Budget movements CRUD habilitado; nivel de prueba UI + Feature HTTP disponible.","Ingresar al modulo Presupuesto -> Abrir el flujo Budget movements CRUD -> Ejecutar el escenario crear traslado -> Validar respuesta del sistema y evidencia generada","El sistema cumple correctamente con el escenario evaluado: crear traslado.","Pendiente de ejecucion.",
F-076,Presupuesto,"Budget movements CRUD",Editar,"Ambiente de QA disponible; usuario con acceso al modulo Presupuesto; flujo Budget movements CRUD habilitado; nivel de prueba UI + Feature HTTP disponible.","Ingresar al modulo Presupuesto -> Abrir el flujo Budget movements CRUD -> Ejecutar el escenario editar -> Validar respuesta del sistema y evidencia generada","El sistema cumple correctamente con el escenario evaluado: editar.","Pendiente de ejecucion.",
F-076,Presupuesto,"Budget movements CRUD",Listar,"Ambiente de QA disponible; usuario con acceso al modulo Presupuesto; flujo Budget movements CRUD habilitado; nivel de prueba UI + Feature HTTP disponible.","Ingresar al modulo Presupuesto -> Abrir el flujo Budget movements CRUD -> Ejecutar el escenario listar -> Validar respuesta del sistema y evidencia generada","El sistema cumple correctamente con el escenario evaluado: listar.","Pendiente de ejecucion.",
F-076,Presupuesto,"Budget movements CRUD","Ver detalle","Ambiente de QA disponible; usuario con acceso al modulo Presupuesto; flujo Budget movements CRUD habilitado; nivel de prueba UI + Feature HTTP disponible.","Ingresar al modulo Presupuesto -> Abrir el flujo Budget movements CRUD -> Ejecutar el escenario ver detalle -> Validar respuesta del sistema y evidencia generada","El sistema cumple correctamente con el escenario evaluado: ver detalle.","Pendiente de ejecucion.",
F-076,Presupuesto,"Budget movements CRUD","Eliminar segun estado","Ambiente de QA disponible; usuario con acceso al modulo Presupuesto; flujo Budget movements CRUD habilitado; nivel de prueba UI + Feature HTTP disponible.","Ingresar al modulo Presupuesto -> Abrir el flujo Budget movements CRUD -> Ejecutar el escenario eliminar segun estado -> Validar respuesta del sistema y evidencia generada","El sistema cumple correctamente con el escenario evaluado: eliminar segun estado.","Pendiente de ejecucion.",
F-076,Presupuesto,"Budget movements CRUD","Validaciones de montos","Ambiente de QA disponible; usuario con acceso al modulo Presupuesto; flujo Budget movements CRUD habilitado; nivel de prueba UI + Feature HTTP disponible.","Ingresar al modulo Presupuesto -> Abrir el flujo Budget movements CRUD -> Ejecutar el escenario validaciones de montos -> Validar respuesta del sistema y evidencia generada","El sistema cumple correctamente con el escenario evaluado: validaciones de montos.","Pendiente de ejecucion.",
F-077,Presupuesto,"Budget movement approve",Aprobacion,"Ambiente de QA disponible; usuario con acceso al modulo Presupuesto; flujo Budget movement approve habilitado; nivel de prueba Feature HTTP + Service disponible.","Ingresar al modulo Presupuesto -> Abrir el flujo Budget movement approve -> Ejecutar el escenario aprobacion -> Validar respuesta del sistema y evidencia generada","El sistema cumple correctamente con el escenario evaluado: aprobacion.","Pendiente de ejecucion.",
F-077,Presupuesto,"Budget movement approve","Afectacion de saldos","Ambiente de QA disponible; usuario con acceso al modulo Presupuesto; flujo Budget movement approve habilitado; nivel de prueba Feature HTTP + Service disponible.","Ingresar al modulo Presupuesto -> Abrir el flujo Budget movement approve -> Ejecutar el escenario afectacion de saldos -> Validar respuesta del sistema y evidencia generada","El sistema cumple correctamente con el escenario evaluado: afectacion de saldos.","Pendiente de ejecucion.",
F-077,Presupuesto,"Budget movement approve",Auditoria,"Ambiente de QA disponible; usuario con acceso al modulo Presupuesto; flujo Budget movement approve habilitado; nivel de prueba Feature HTTP + Service disponible.","Ingresar al modulo Presupuesto -> Abrir el flujo Budget movement approve -> Ejecutar el escenario auditoria -> Validar respuesta del sistema y evidencia generada","El sistema cumple correctamente con el escenario evaluado: auditoria.","Pendiente de ejecucion.",
F-077,Presupuesto,"Budget movement approve","Rechazo de doble aprobacion","Ambiente de QA disponible; usuario con acceso al modulo Presupuesto; flujo Budget movement approve habilitado; nivel de prueba Feature HTTP + Service disponible.","Ingresar al modulo Presupuesto -> Abrir el flujo Budget movement approve -> Ejecutar el escenario rechazo de doble aprobacion -> Validar respuesta del sistema y evidencia generada","El sistema rechaza la accion indicada, conserva la integridad del flujo y muestra el mensaje o validacion correspondiente.","Pendiente de ejecucion.",
F-078,Presupuesto,"Budget movement reject","Rechazo con motivo","Ambiente de QA disponible; usuario con acceso al modulo Presupuesto; flujo Budget movement reject habilitado; nivel de prueba Feature HTTP + Service disponible.","Ingresar al modulo Presupuesto -> Abrir el flujo Budget movement reject -> Ejecutar el escenario rechazo con motivo -> Validar respuesta del sistema y evidencia generada","El sistema rechaza la accion indicada, conserva la integridad del flujo y muestra el mensaje o validacion correspondiente.","Pendiente de ejecucion.",
F-078,Presupuesto,"Budget movement reject","Restauracion de disponibilidad","Ambiente de QA disponible; usuario con acceso al modulo Presupuesto; flujo Budget movement reject habilitado; nivel de prueba Feature HTTP + Service disponible.","Ingresar al modulo Presupuesto -> Abrir el flujo Budget movement reject -> Ejecutar el escenario restauracion de disponibilidad -> Validar respuesta del sistema y evidencia generada","El sistema cumple correctamente con el escenario evaluado: restauracion de disponibilidad.","Pendiente de ejecucion.",
F-078,Presupuesto,"Budget movement reject",Auditoria,"Ambiente de QA disponible; usuario con acceso al modulo Presupuesto; flujo Budget movement reject habilitado; nivel de prueba Feature HTTP + Service disponible.","Ingresar al modulo Presupuesto -> Abrir el flujo Budget movement reject -> Ejecutar el escenario auditoria -> Validar respuesta del sistema y evidencia generada","El sistema cumple correctamente con el escenario evaluado: auditoria.","Pendiente de ejecucion.",
F-079,Presupuesto,"Critical dashboard","Mostrar movimientos criticos","Ambiente de QA disponible; usuario con acceso al modulo Presupuesto; flujo Critical dashboard habilitado; nivel de prueba UI disponible.","Ingresar al modulo Presupuesto -> Abrir el flujo Critical dashboard -> Ejecutar el escenario mostrar movimientos criticos -> Validar respuesta del sistema y evidencia generada","El sistema cumple correctamente con el escenario evaluado: mostrar movimientos criticos.","Pendiente de ejecucion.",
F-079,Presupuesto,"Critical dashboard",Filtros,"Ambiente de QA disponible; usuario con acceso al modulo Presupuesto; flujo Critical dashboard habilitado; nivel de prueba UI disponible.","Ingresar al modulo Presupuesto -> Abrir el flujo Critical dashboard -> Ejecutar el escenario filtros -> Validar respuesta del sistema y evidencia generada","El sistema cumple correctamente con el escenario evaluado: filtros.","Pendiente de ejecucion.",
F-079,Presupuesto,"Critical dashboard","Sin datos","Ambiente de QA disponible; usuario con acceso al modulo Presupuesto; flujo Critical dashboard habilitado; nivel de prueba UI disponible; datos semilla cargados.","Ingresar al modulo Presupuesto -> Abrir el flujo Critical dashboard -> Ejecutar el escenario sin datos -> Validar respuesta del sistema y evidencia generada","El sistema cumple correctamente con el escenario evaluado: sin datos.","Pendiente de ejecucion.",
F-079,Presupuesto,"Critical dashboard","Consistencia de montos","Ambiente de QA disponible; usuario con acceso al modulo Presupuesto; flujo Critical dashboard habilitado; nivel de prueba UI disponible.","Ingresar al modulo Presupuesto -> Abrir el flujo Critical dashboard -> Ejecutar el escenario consistencia de montos -> Validar respuesta del sistema y evidencia generada","El sistema cumple correctamente con el escenario evaluado: consistencia de montos.","Pendiente de ejecucion.",
F-080,Presupuesto,"Importaciones 2026 por comando","TSA, SMA, GASOMEX y DGA","Ambiente de QA disponible; usuario con acceso al modulo Presupuesto; flujo Importaciones 2026 por comando habilitado; nivel de prueba Command + Service disponible.","Ingresar al modulo Presupuesto -> Abrir el flujo Importaciones 2026 por comando -> Ejecutar el escenario TSA, SMA, GASOMEX y DGA -> Validar respuesta del sistema y evidencia generada","El sistema cumple correctamente con el escenario evaluado: TSA, SMA, GASOMEX y DGA.","Pendiente de ejecucion.",
F-080,Presupuesto,"Importaciones 2026 por comando","Archivo faltante","Ambiente de QA disponible; usuario con acceso al modulo Presupuesto; flujo Importaciones 2026 por comando habilitado; nivel de prueba Command + Service disponible; archivo(s) de prueba disponible(s).","Ingresar al modulo Presupuesto -> Abrir el flujo Importaciones 2026 por comando -> Ejecutar el escenario archivo faltante -> Validar respuesta del sistema y evidencia generada","El registro se crea correctamente, respetando validaciones y reglas de negocio.","Pendiente de ejecucion.",
F-080,Presupuesto,"Importaciones 2026 por comando","Formato invalido","Ambiente de QA disponible; usuario con acceso al modulo Presupuesto; flujo Importaciones 2026 por comando habilitado; nivel de prueba Command + Service disponible.","Ingresar al modulo Presupuesto -> Abrir el flujo Importaciones 2026 por comando -> Ejecutar el escenario formato invalido -> Validar respuesta del sistema y evidencia generada","El sistema rechaza la accion indicada, conserva la integridad del flujo y muestra el mensaje o validacion correspondiente.","Pendiente de ejecucion.",
F-080,Presupuesto,"Importaciones 2026 por comando","Upsert correcto","Ambiente de QA disponible; usuario con acceso al modulo Presupuesto; flujo Importaciones 2026 por comando habilitado; nivel de prueba Command + Service disponible.","Ingresar al modulo Presupuesto -> Abrir el flujo Importaciones 2026 por comando -> Ejecutar el escenario upsert correcto -> Validar respuesta del sistema y evidencia generada","El sistema cumple correctamente con el escenario evaluado: upsert correcto.","Pendiente de ejecucion.",
F-080,Presupuesto,"Importaciones 2026 por comando","Log de resultados","Ambiente de QA disponible; usuario con acceso al modulo Presupuesto; flujo Importaciones 2026 por comando habilitado; nivel de prueba Command + Service disponible.","Ingresar al modulo Presupuesto -> Abrir el flujo Importaciones 2026 por comando -> Ejecutar el escenario log de resultados -> Validar respuesta del sistema y evidencia generada","El sistema cumple correctamente con el escenario evaluado: log de resultados.","Pendiente de ejecucion.",
F-081,Presupuesto,"Integridad de compromiso/consumo","Compromiso al aprobar/emitir orden","Ambiente de QA disponible; usuario con acceso al modulo Presupuesto; flujo Integridad de compromiso/consumo habilitado; nivel de prueba Service disponible.","Ingresar al modulo Presupuesto -> Abrir el flujo Integridad de compromiso/consumo -> Ejecutar el escenario compromiso al aprobar/emitir orden -> Validar respuesta del sistema y evidencia generada","El sistema cumple correctamente con el escenario evaluado: compromiso al aprobar/emitir orden.","Pendiente de ejecucion.",
F-081,Presupuesto,"Integridad de compromiso/consumo","Consumo al estado final esperado","Ambiente de QA disponible; usuario con acceso al modulo Presupuesto; flujo Integridad de compromiso/consumo habilitado; nivel de prueba Service disponible.","Ingresar al modulo Presupuesto -> Abrir el flujo Integridad de compromiso/consumo -> Ejecutar el escenario consumo al estado final esperado -> Validar respuesta del sistema y evidencia generada","El sistema cumple correctamente con el escenario evaluado: consumo al estado final esperado.","Pendiente de ejecucion.",
F-081,Presupuesto,"Integridad de compromiso/consumo","Liberacion en cancelacion/rechazo","Ambiente de QA disponible; usuario con acceso al modulo Presupuesto; flujo Integridad de compromiso/consumo habilitado; nivel de prueba Service disponible.","Ingresar al modulo Presupuesto -> Abrir el flujo Integridad de compromiso/consumo -> Ejecutar el escenario liberacion en cancelacion/rechazo -> Validar respuesta del sistema y evidencia generada","El sistema rechaza la accion indicada, conserva la integridad del flujo y muestra el mensaje o validacion correspondiente.","Pendiente de ejecucion.",
F-090,Requisiciones,"Requisition CRUD clasico",Crear,"Ambiente de QA disponible; usuario con acceso al modulo Requisiciones; flujo Requisition CRUD clasico habilitado; nivel de prueba UI + Feature HTTP disponible.","Ingresar al modulo Requisiciones -> Abrir el flujo Requisition CRUD clasico -> Ejecutar el escenario crear -> Validar respuesta del sistema y evidencia generada","El sistema cumple correctamente con el escenario evaluado: crear.","Pendiente de ejecucion.",
F-090,Requisiciones,"Requisition CRUD clasico",Editar,"Ambiente de QA disponible; usuario con acceso al modulo Requisiciones; flujo Requisition CRUD clasico habilitado; nivel de prueba UI + Feature HTTP disponible.","Ingresar al modulo Requisiciones -> Abrir el flujo Requisition CRUD clasico -> Ejecutar el escenario editar -> Validar respuesta del sistema y evidencia generada","El sistema cumple correctamente con el escenario evaluado: editar.","Pendiente de ejecucion.",
F-090,Requisiciones,"Requisition CRUD clasico",Ver,"Ambiente de QA disponible; usuario con acceso al modulo Requisiciones; flujo Requisition CRUD clasico habilitado; nivel de prueba UI + Feature HTTP disponible.","Ingresar al modulo Requisiciones -> Abrir el flujo Requisition CRUD clasico -> Ejecutar el escenario ver -> Validar respuesta del sistema y evidencia generada","El sistema cumple correctamente con el escenario evaluado: ver.","Pendiente de ejecucion.",
F-090,Requisiciones,"Requisition CRUD clasico","Eliminar borrador","Ambiente de QA disponible; usuario con acceso al modulo Requisiciones; flujo Requisition CRUD clasico habilitado; nivel de prueba UI + Feature HTTP disponible.","Ingresar al modulo Requisiciones -> Abrir el flujo Requisition CRUD clasico -> Ejecutar el escenario eliminar borrador -> Validar respuesta del sistema y evidencia generada","La eliminacion se ejecuta conforme a las restricciones del negocio y sin afectar informacion no relacionada.","Pendiente de ejecucion.",
F-090,Requisiciones,"Requisition CRUD clasico",Cancelar,"Ambiente de QA disponible; usuario con acceso al modulo Requisiciones; flujo Requisition CRUD clasico habilitado; nivel de prueba UI + Feature HTTP disponible.","Ingresar al modulo Requisiciones -> Abrir el flujo Requisition CRUD clasico -> Ejecutar el escenario cancelar -> Validar respuesta del sistema y evidencia generada","El sistema cumple correctamente con el escenario evaluado: cancelar.","Pendiente de ejecucion.",
F-090,Requisiciones,"Requisition CRUD clasico","Validaciones de partidas, company, cost center, location","Ambiente de QA disponible; usuario con acceso al modulo Requisiciones; flujo Requisition CRUD clasico habilitado; nivel de prueba UI + Feature HTTP disponible.","Ingresar al modulo Requisiciones -> Abrir el flujo Requisition CRUD clasico -> Ejecutar el escenario validaciones de partidas, company, cost center, location -> Validar respuesta del sistema y evidencia generada","El sistema cumple correctamente con el escenario evaluado: validaciones de partidas, company, cost center, location.","Pendiente de ejecucion.",
F-091,Requisiciones,"Requisition Livewire",Create-livewire,"Ambiente de QA disponible; usuario con acceso al modulo Requisiciones; flujo Requisition Livewire habilitado; nivel de prueba UI + Livewire disponible.","Ingresar al modulo Requisiciones -> Abrir el flujo Requisition Livewire -> Ejecutar el escenario create-livewire -> Validar respuesta del sistema y evidencia generada","El registro se crea correctamente, respetando validaciones y reglas de negocio.","Pendiente de ejecucion.",
F-091,Requisiciones,"Requisition Livewire",Edit-livewire,"Ambiente de QA disponible; usuario con acceso al modulo Requisiciones; flujo Requisition Livewire habilitado; nivel de prueba UI + Livewire disponible.","Ingresar al modulo Requisiciones -> Abrir el flujo Requisition Livewire -> Ejecutar el escenario edit-livewire -> Validar respuesta del sistema y evidencia generada","El sistema cumple correctamente con el escenario evaluado: edit-livewire.","Pendiente de ejecucion.",
F-091,Requisiciones,"Requisition Livewire","Agregar/quitar partidas","Ambiente de QA disponible; usuario con acceso al modulo Requisiciones; flujo Requisition Livewire habilitado; nivel de prueba UI + Livewire disponible.","Ingresar al modulo Requisiciones -> Abrir el flujo Requisition Livewire -> Ejecutar el escenario agregar/quitar partidas -> Validar respuesta del sistema y evidencia generada","El sistema cumple correctamente con el escenario evaluado: agregar/quitar partidas.","Pendiente de ejecucion.",
F-091,Requisiciones,"Requisition Livewire",Recalculos,"Ambiente de QA disponible; usuario con acceso al modulo Requisiciones; flujo Requisition Livewire habilitado; nivel de prueba UI + Livewire disponible.","Ingresar al modulo Requisiciones -> Abrir el flujo Requisition Livewire -> Ejecutar el escenario recalculos -> Validar respuesta del sistema y evidencia generada","El sistema cumple correctamente con el escenario evaluado: recalculos.","Pendiente de ejecucion.",
F-091,Requisiciones,"Requisition Livewire","Manejo de errores en tiempo real","Ambiente de QA disponible; usuario con acceso al modulo Requisiciones; flujo Requisition Livewire habilitado; nivel de prueba UI + Livewire disponible.","Ingresar al modulo Requisiciones -> Abrir el flujo Requisition Livewire -> Ejecutar el escenario manejo de errores en tiempo real -> Validar respuesta del sistema y evidencia generada","El sistema cumple correctamente con el escenario evaluado: manejo de errores en tiempo real.","Pendiente de ejecucion.",
F-092,Requisiciones,"DataTables e inbox de aprobacion","Listado del solicitante","Ambiente de QA disponible; usuario con acceso al modulo Requisiciones; flujo DataTables e inbox de aprobacion habilitado; nivel de prueba UI + Feature HTTP disponible; datos semilla cargados.","Ingresar al modulo Requisiciones -> Abrir el flujo DataTables e inbox de aprobacion -> Ejecutar el escenario listado del solicitante -> Validar respuesta del sistema y evidencia generada","La informacion se muestra correctamente en pantalla, sin errores y con datos consistentes.","Pendiente de ejecucion.",
F-092,Requisiciones,"DataTables e inbox de aprobacion",Approval_datatable,"Ambiente de QA disponible; usuario con acceso al modulo Requisiciones; flujo DataTables e inbox de aprobacion habilitado; nivel de prueba UI + Feature HTTP disponible; datos semilla cargados.","Ingresar al modulo Requisiciones -> Abrir el flujo DataTables e inbox de aprobacion -> Ejecutar el escenario approval_datatable -> Validar respuesta del sistema y evidencia generada","La informacion se muestra correctamente en pantalla, sin errores y con datos consistentes.","Pendiente de ejecucion.",
F-092,Requisiciones,"DataTables e inbox de aprobacion",Filtros,"Ambiente de QA disponible; usuario con acceso al modulo Requisiciones; flujo DataTables e inbox de aprobacion habilitado; nivel de prueba UI + Feature HTTP disponible.","Ingresar al modulo Requisiciones -> Abrir el flujo DataTables e inbox de aprobacion -> Ejecutar el escenario filtros -> Validar respuesta del sistema y evidencia generada","El sistema cumple correctamente con el escenario evaluado: filtros.","Pendiente de ejecucion.",
F-092,Requisiciones,"DataTables e inbox de aprobacion",Ordenamientos,"Ambiente de QA disponible; usuario con acceso al modulo Requisiciones; flujo DataTables e inbox de aprobacion habilitado; nivel de prueba UI + Feature HTTP disponible.","Ingresar al modulo Requisiciones -> Abrir el flujo DataTables e inbox de aprobacion -> Ejecutar el escenario ordenamientos -> Validar respuesta del sistema y evidencia generada","El sistema cumple correctamente con el escenario evaluado: ordenamientos.","Pendiente de ejecucion.",
F-092,Requisiciones,"DataTables e inbox de aprobacion",Permisos,"Ambiente de QA disponible; usuario con acceso al modulo Requisiciones; flujo DataTables e inbox de aprobacion habilitado; nivel de prueba UI + Feature HTTP disponible.","Ingresar al modulo Requisiciones -> Abrir el flujo DataTables e inbox de aprobacion -> Ejecutar el escenario permisos -> Validar respuesta del sistema y evidencia generada","El sistema cumple correctamente con el escenario evaluado: permisos.","Pendiente de ejecucion.",
F-093,Requisiciones,"Review data y validacion tecnica","Payload de review-data","Ambiente de QA disponible; usuario con acceso al modulo Requisiciones; flujo Review data y validacion tecnica habilitado; nivel de prueba Feature HTTP disponible.","Ingresar al modulo Requisiciones -> Abrir el flujo Review data y validacion tecnica -> Ejecutar el escenario payload de review-data -> Validar respuesta del sistema y evidencia generada","El sistema cumple correctamente con el escenario evaluado: payload de review-data.","Pendiente de ejecucion.",
F-093,Requisiciones,"Review data y validacion tecnica","Validate-technical con datos validos e invalidos","Ambiente de QA disponible; usuario con acceso al modulo Requisiciones; flujo Review data y validacion tecnica habilitado; nivel de prueba Feature HTTP disponible; datos semilla cargados.","Ingresar al modulo Requisiciones -> Abrir el flujo Review data y validacion tecnica -> Ejecutar el escenario validate-technical con datos validos e invalidos -> Validar respuesta del sistema y evidencia generada","El sistema rechaza la accion indicada, conserva la integridad del flujo y muestra el mensaje o validacion correspondiente.","Pendiente de ejecucion.",
F-093,Requisiciones,"Review data y validacion tecnica","Persistencia de observaciones","Ambiente de QA disponible; usuario con acceso al modulo Requisiciones; flujo Review data y validacion tecnica habilitado; nivel de prueba Feature HTTP disponible.","Ingresar al modulo Requisiciones -> Abrir el flujo Review data y validacion tecnica -> Ejecutar el escenario persistencia de observaciones -> Validar respuesta del sistema y evidencia generada","El sistema cumple correctamente con el escenario evaluado: persistencia de observaciones.","Pendiente de ejecucion.",
F-094,Requisiciones,"Submit a compras","Solo desde DRAFT","Ambiente de QA disponible; usuario con acceso al modulo Requisiciones; flujo Submit a compras habilitado; nivel de prueba Feature HTTP + Notification disponible.","Ingresar al modulo Requisiciones -> Abrir el flujo Submit a compras -> Ejecutar el escenario solo desde DRAFT -> Validar respuesta del sistema y evidencia generada","El sistema cumple correctamente con el escenario evaluado: solo desde DRAFT.","Pendiente de ejecucion.",
F-094,Requisiciones,"Submit a compras","Con al menos una partida","Ambiente de QA disponible; usuario con acceso al modulo Requisiciones; flujo Submit a compras habilitado; nivel de prueba Feature HTTP + Notification disponible.","Ingresar al modulo Requisiciones -> Abrir el flujo Submit a compras -> Ejecutar el escenario con al menos una partida -> Validar respuesta del sistema y evidencia generada","El sistema cumple correctamente con el escenario evaluado: con al menos una partida.","Pendiente de ejecucion.",
F-094,Requisiciones,"Submit a compras","Cambio a PENDING","Ambiente de QA disponible; usuario con acceso al modulo Requisiciones; flujo Submit a compras habilitado; nivel de prueba Feature HTTP + Notification disponible.","Ingresar al modulo Requisiciones -> Abrir el flujo Submit a compras -> Ejecutar el escenario cambio a PENDING -> Validar respuesta del sistema y evidencia generada","El sistema cumple correctamente con el escenario evaluado: cambio a PENDING.","Pendiente de ejecucion.",
F-094,Requisiciones,"Submit a compras","Notificacion a compras y solicitante","Ambiente de QA disponible; usuario con acceso al modulo Requisiciones; flujo Submit a compras habilitado; nivel de prueba Feature HTTP + Notification disponible.","Ingresar al modulo Requisiciones -> Abrir el flujo Submit a compras -> Ejecutar el escenario notificacion a compras y solicitante -> Validar respuesta del sistema y evidencia generada","El sistema genera y entrega la notificacion esperada sin errores.","Pendiente de ejecucion.",
F-095,Requisiciones,"Hold / pause","Pausa desde estado permitido","Ambiente de QA disponible; usuario con acceso al modulo Requisiciones; flujo Hold / pause habilitado; nivel de prueba Feature HTTP disponible.","Ingresar al modulo Requisiciones -> Abrir el flujo Hold / pause -> Ejecutar el escenario pausa desde estado permitido -> Validar respuesta del sistema y evidencia generada","El sistema cumple correctamente con el escenario evaluado: pausa desde estado permitido.","Pendiente de ejecucion.",
F-095,Requisiciones,"Hold / pause","Motivo visible","Ambiente de QA disponible; usuario con acceso al modulo Requisiciones; flujo Hold / pause habilitado; nivel de prueba Feature HTTP disponible.","Ingresar al modulo Requisiciones -> Abrir el flujo Hold / pause -> Ejecutar el escenario motivo visible -> Validar respuesta del sistema y evidencia generada","El sistema cumple correctamente con el escenario evaluado: motivo visible.","Pendiente de ejecucion.",
F-095,Requisiciones,"Hold / pause","Bloqueo de edicion no permitida","Ambiente de QA disponible; usuario con acceso al modulo Requisiciones; flujo Hold / pause habilitado; nivel de prueba Feature HTTP disponible.","Ingresar al modulo Requisiciones -> Abrir el flujo Hold / pause -> Ejecutar el escenario bloqueo de edicion no permitida -> Validar respuesta del sistema y evidencia generada","El sistema impide el acceso o la accion no autorizada y mantiene protegido el recurso.","Pendiente de ejecucion.",
F-095,Requisiciones,"Hold / pause","Reactivacion posterior por listener o flujo","Ambiente de QA disponible; usuario con acceso al modulo Requisiciones; flujo Hold / pause habilitado; nivel de prueba Feature HTTP disponible.","Ingresar al modulo Requisiciones -> Abrir el flujo Hold / pause -> Ejecutar el escenario reactivacion posterior por listener o flujo -> Validar respuesta del sistema y evidencia generada","El sistema cumple correctamente con el escenario evaluado: reactivacion posterior por listener o flujo.","Pendiente de ejecucion.",
F-096,Requisiciones,"Rechazo y cancelacion","Rechazo con motivo","Ambiente de QA disponible; usuario con acceso al modulo Requisiciones; flujo Rechazo y cancelacion habilitado; nivel de prueba Feature HTTP + Notification disponible.","Ingresar al modulo Requisiciones -> Abrir el flujo Rechazo y cancelacion -> Ejecutar el escenario rechazo con motivo -> Validar respuesta del sistema y evidencia generada","El sistema rechaza la accion indicada, conserva la integridad del flujo y muestra el mensaje o validacion correspondiente.","Pendiente de ejecucion.",
F-096,Requisiciones,"Rechazo y cancelacion","Cancelacion por flujo CRUD y workflow","Ambiente de QA disponible; usuario con acceso al modulo Requisiciones; flujo Rechazo y cancelacion habilitado; nivel de prueba Feature HTTP + Notification disponible.","Ingresar al modulo Requisiciones -> Abrir el flujo Rechazo y cancelacion -> Ejecutar el escenario cancelacion por flujo CRUD y workflow -> Validar respuesta del sistema y evidencia generada","El sistema cumple correctamente con el escenario evaluado: cancelacion por flujo CRUD y workflow.","Pendiente de ejecucion.",
F-096,Requisiciones,"Rechazo y cancelacion","Actor autorizado","Ambiente de QA disponible; usuario con acceso al modulo Requisiciones; flujo Rechazo y cancelacion habilitado; nivel de prueba Feature HTTP + Notification disponible.","Ingresar al modulo Requisiciones -> Abrir el flujo Rechazo y cancelacion -> Ejecutar el escenario actor autorizado -> Validar respuesta del sistema y evidencia generada","El sistema cumple correctamente con el escenario evaluado: actor autorizado.","Pendiente de ejecucion.",
F-096,Requisiciones,"Rechazo y cancelacion","Mensajes correctos","Ambiente de QA disponible; usuario con acceso al modulo Requisiciones; flujo Rechazo y cancelacion habilitado; nivel de prueba Feature HTTP + Notification disponible.","Ingresar al modulo Requisiciones -> Abrir el flujo Rechazo y cancelacion -> Ejecutar el escenario mensajes correctos -> Validar respuesta del sistema y evidencia generada","El sistema cumple correctamente con el escenario evaluado: mensajes correctos.","Pendiente de ejecucion.",
F-097,Requisiciones,"Validacion para cotizacion","Aprobar para quotation","Ambiente de QA disponible; usuario con acceso al modulo Requisiciones; flujo Validacion para cotizacion habilitado; nivel de prueba Feature HTTP + Notification disponible.","Ingresar al modulo Requisiciones -> Abrir el flujo Validacion para cotizacion -> Ejecutar el escenario aprobar para quotation -> Validar respuesta del sistema y evidencia generada","El sistema cumple correctamente con el escenario evaluado: aprobar para quotation.","Pendiente de ejecucion.",
F-097,Requisiciones,"Validacion para cotizacion","Cambio a IN_QUOTATION","Ambiente de QA disponible; usuario con acceso al modulo Requisiciones; flujo Validacion para cotizacion habilitado; nivel de prueba Feature HTTP + Notification disponible.","Ingresar al modulo Requisiciones -> Abrir el flujo Validacion para cotizacion -> Ejecutar el escenario cambio a IN_QUOTATION -> Validar respuesta del sistema y evidencia generada","El sistema cumple correctamente con el escenario evaluado: cambio a IN_QUOTATION.","Pendiente de ejecucion.",
F-097,Requisiciones,"Validacion para cotizacion",Notificaciones,"Ambiente de QA disponible; usuario con acceso al modulo Requisiciones; flujo Validacion para cotizacion habilitado; nivel de prueba Feature HTTP + Notification disponible.","Ingresar al modulo Requisiciones -> Abrir el flujo Validacion para cotizacion -> Ejecutar el escenario notificaciones -> Validar respuesta del sistema y evidencia generada","El sistema genera y entrega la notificacion esperada sin errores.","Pendiente de ejecucion.",
F-097,Requisiciones,"Validacion para cotizacion","No duplicidad","Ambiente de QA disponible; usuario con acceso al modulo Requisiciones; flujo Validacion para cotizacion habilitado; nivel de prueba Feature HTTP + Notification disponible.","Ingresar al modulo Requisiciones -> Abrir el flujo Validacion para cotizacion -> Ejecutar el escenario no duplicidad -> Validar respuesta del sistema y evidencia generada","El sistema cumple correctamente con el escenario evaluado: no duplicidad.","Pendiente de ejecucion.",
F-098,Requisiciones,"Consumo manual de requisicion","Consume desde estado valido","Ambiente de QA disponible; usuario con acceso al modulo Requisiciones; flujo Consumo manual de requisicion habilitado; nivel de prueba Feature HTTP + Service disponible.","Ingresar al modulo Requisiciones -> Abrir el flujo Consumo manual de requisicion -> Ejecutar el escenario consume desde estado valido -> Validar respuesta del sistema y evidencia generada","El sistema cumple correctamente con el escenario evaluado: consume desde estado valido.","Pendiente de ejecucion.",
F-098,Requisiciones,"Consumo manual de requisicion","Impacto en saldos/estado","Ambiente de QA disponible; usuario con acceso al modulo Requisiciones; flujo Consumo manual de requisicion habilitado; nivel de prueba Feature HTTP + Service disponible.","Ingresar al modulo Requisiciones -> Abrir el flujo Consumo manual de requisicion -> Ejecutar el escenario impacto en saldos/estado -> Validar respuesta del sistema y evidencia generada","El sistema cumple correctamente con el escenario evaluado: impacto en saldos/estado.","Pendiente de ejecucion.",
F-098,Requisiciones,"Consumo manual de requisicion","Bloqueo en estados invalidos","Ambiente de QA disponible; usuario con acceso al modulo Requisiciones; flujo Consumo manual de requisicion habilitado; nivel de prueba Feature HTTP + Service disponible.","Ingresar al modulo Requisiciones -> Abrir el flujo Consumo manual de requisicion -> Ejecutar el escenario bloqueo en estados invalidos -> Validar respuesta del sistema y evidencia generada","El sistema rechaza la accion indicada, conserva la integridad del flujo y muestra el mensaje o validacion correspondiente.","Pendiente de ejecucion.",
F-099,Requisiciones,"Reactivacion por listener","Cuando se aprueba producto asociado, la requisicion pausada se reactiva si corresponde","Ambiente de QA disponible; usuario con acceso al modulo Requisiciones; flujo Reactivacion por listener habilitado; nivel de prueba Event/Listener disponible.","Ingresar al modulo Requisiciones -> Abrir el flujo Reactivacion por listener -> Ejecutar el escenario cuando se aprueba producto asociado, la requisicion pausada se reactiva si corresponde -> Validar respuesta del sistema y evidencia generada","El sistema cumple correctamente con el escenario evaluado: cuando se aprueba producto asociado, la requisicion pausada se reactiva si corresponde.","Pendiente de ejecucion.",
F-100,Cotizaciones,"Quotation planner - estrategia","Abrir planner","Ambiente de QA disponible; usuario con acceso al modulo Cotizaciones; flujo Quotation planner - estrategia habilitado; nivel de prueba UI + Feature HTTP disponible.","Ingresar al modulo Cotizaciones -> Abrir el flujo Quotation planner - estrategia -> Ejecutar el escenario abrir planner -> Validar respuesta del sistema y evidencia generada","El sistema cumple correctamente con el escenario evaluado: abrir planner.","Pendiente de ejecucion.",
F-100,Cotizaciones,"Quotation planner - estrategia","Guardar estrategia","Ambiente de QA disponible; usuario con acceso al modulo Cotizaciones; flujo Quotation planner - estrategia habilitado; nivel de prueba UI + Feature HTTP disponible.","Ingresar al modulo Cotizaciones -> Abrir el flujo Quotation planner - estrategia -> Ejecutar el escenario guardar estrategia -> Validar respuesta del sistema y evidencia generada","El sistema cumple correctamente con el escenario evaluado: guardar estrategia.","Pendiente de ejecucion.",
F-100,Cotizaciones,"Quotation planner - estrategia","Persistencia por requisicion","Ambiente de QA disponible; usuario con acceso al modulo Cotizaciones; flujo Quotation planner - estrategia habilitado; nivel de prueba UI + Feature HTTP disponible.","Ingresar al modulo Cotizaciones -> Abrir el flujo Quotation planner - estrategia -> Ejecutar el escenario persistencia por requisicion -> Validar respuesta del sistema y evidencia generada","El sistema cumple correctamente con el escenario evaluado: persistencia por requisicion.","Pendiente de ejecucion.",
F-100,Cotizaciones,"Quotation planner - estrategia","Reabrir y ver datos previos","Ambiente de QA disponible; usuario con acceso al modulo Cotizaciones; flujo Quotation planner - estrategia habilitado; nivel de prueba UI + Feature HTTP disponible; datos semilla cargados.","Ingresar al modulo Cotizaciones -> Abrir el flujo Quotation planner - estrategia -> Ejecutar el escenario reabrir y ver datos previos -> Validar respuesta del sistema y evidencia generada","El sistema cumple correctamente con el escenario evaluado: reabrir y ver datos previos.","Pendiente de ejecucion.",
F-101,Cotizaciones,"Quotation planner - grupos","Crear grupo","Ambiente de QA disponible; usuario con acceso al modulo Cotizaciones; flujo Quotation planner - grupos habilitado; nivel de prueba UI + Feature HTTP disponible.","Ingresar al modulo Cotizaciones -> Abrir el flujo Quotation planner - grupos -> Ejecutar el escenario crear grupo -> Validar respuesta del sistema y evidencia generada","El sistema cumple correctamente con el escenario evaluado: crear grupo.","Pendiente de ejecucion.",
F-101,Cotizaciones,"Quotation planner - grupos","Eliminar grupo","Ambiente de QA disponible; usuario con acceso al modulo Cotizaciones; flujo Quotation planner - grupos habilitado; nivel de prueba UI + Feature HTTP disponible.","Ingresar al modulo Cotizaciones -> Abrir el flujo Quotation planner - grupos -> Ejecutar el escenario eliminar grupo -> Validar respuesta del sistema y evidencia generada","El sistema cumple correctamente con el escenario evaluado: eliminar grupo.","Pendiente de ejecucion.",
F-101,Cotizaciones,"Quotation planner - grupos","No duplicar estructura invalida","Ambiente de QA disponible; usuario con acceso al modulo Cotizaciones; flujo Quotation planner - grupos habilitado; nivel de prueba UI + Feature HTTP disponible.","Ingresar al modulo Cotizaciones -> Abrir el flujo Quotation planner - grupos -> Ejecutar el escenario no duplicar estructura invalida -> Validar respuesta del sistema y evidencia generada","El sistema cumple correctamente con el escenario evaluado: no duplicar estructura invalida.","Pendiente de ejecucion.",
F-101,Cotizaciones,"Quotation planner - grupos","Borrar grupo con items","Ambiente de QA disponible; usuario con acceso al modulo Cotizaciones; flujo Quotation planner - grupos habilitado; nivel de prueba UI + Feature HTTP disponible.","Ingresar al modulo Cotizaciones -> Abrir el flujo Quotation planner - grupos -> Ejecutar el escenario borrar grupo con items -> Validar respuesta del sistema y evidencia generada","El sistema cumple correctamente con el escenario evaluado: borrar grupo con items.","Pendiente de ejecucion.",
F-102,Cotizaciones,"Quotation planner - items","Agregar items a grupo","Ambiente de QA disponible; usuario con acceso al modulo Cotizaciones; flujo Quotation planner - items habilitado; nivel de prueba UI + Feature HTTP disponible.","Ingresar al modulo Cotizaciones -> Abrir el flujo Quotation planner - items -> Ejecutar el escenario agregar items a grupo -> Validar respuesta del sistema y evidencia generada","El sistema cumple correctamente con el escenario evaluado: agregar items a grupo.","Pendiente de ejecucion.",
F-102,Cotizaciones,"Quotation planner - items","Remover items","Ambiente de QA disponible; usuario con acceso al modulo Cotizaciones; flujo Quotation planner - items habilitado; nivel de prueba UI + Feature HTTP disponible.","Ingresar al modulo Cotizaciones -> Abrir el flujo Quotation planner - items -> Ejecutar el escenario remover items -> Validar respuesta del sistema y evidencia generada","El sistema cumple correctamente con el escenario evaluado: remover items.","Pendiente de ejecucion.",
F-102,Cotizaciones,"Quotation planner - items","Evitar items duplicados","Ambiente de QA disponible; usuario con acceso al modulo Cotizaciones; flujo Quotation planner - items habilitado; nivel de prueba UI + Feature HTTP disponible.","Ingresar al modulo Cotizaciones -> Abrir el flujo Quotation planner - items -> Ejecutar el escenario evitar items duplicados -> Validar respuesta del sistema y evidencia generada","El sistema cumple correctamente con el escenario evaluado: evitar items duplicados.","Pendiente de ejecucion.",
F-102,Cotizaciones,"Quotation planner - items","Mantener trazabilidad","Ambiente de QA disponible; usuario con acceso al modulo Cotizaciones; flujo Quotation planner - items habilitado; nivel de prueba UI + Feature HTTP disponible.","Ingresar al modulo Cotizaciones -> Abrir el flujo Quotation planner - items -> Ejecutar el escenario mantener trazabilidad -> Validar respuesta del sistema y evidencia generada","El sistema cumple correctamente con el escenario evaluado: mantener trazabilidad.","Pendiente de ejecucion.",
F-103,Cotizaciones,"Sugerencias de proveedor","Sugerencias por grupo","Ambiente de QA disponible; usuario con acceso al modulo Cotizaciones; flujo Sugerencias de proveedor habilitado; nivel de prueba Feature HTTP + Service disponible.","Ingresar al modulo Cotizaciones -> Abrir el flujo Sugerencias de proveedor -> Ejecutar el escenario sugerencias por grupo -> Validar respuesta del sistema y evidencia generada","El sistema cumple correctamente con el escenario evaluado: sugerencias por grupo.","Pendiente de ejecucion.",
F-103,Cotizaciones,"Sugerencias de proveedor","Sin sugerencias","Ambiente de QA disponible; usuario con acceso al modulo Cotizaciones; flujo Sugerencias de proveedor habilitado; nivel de prueba Feature HTTP + Service disponible.","Ingresar al modulo Cotizaciones -> Abrir el flujo Sugerencias de proveedor -> Ejecutar el escenario sin sugerencias -> Validar respuesta del sistema y evidencia generada","El sistema cumple correctamente con el escenario evaluado: sin sugerencias.","Pendiente de ejecucion.",
F-103,Cotizaciones,"Sugerencias de proveedor","Proveedores no aprobados excluidos si aplica","Ambiente de QA disponible; usuario con acceso al modulo Cotizaciones; flujo Sugerencias de proveedor habilitado; nivel de prueba Feature HTTP + Service disponible.","Ingresar al modulo Cotizaciones -> Abrir el flujo Sugerencias de proveedor -> Ejecutar el escenario proveedores no aprobados excluidos si aplica -> Validar respuesta del sistema y evidencia generada","El sistema cumple correctamente con el escenario evaluado: proveedores no aprobados excluidos si aplica.","Pendiente de ejecucion.",
F-104,RFQ,"Creacion de RFQ desde requisicion","Seleccionar suppliers","Ambiente de QA disponible; usuario con acceso al modulo RFQ; flujo Creacion de RFQ desde requisicion habilitado; nivel de prueba UI + Feature HTTP disponible.","Ingresar al modulo RFQ -> Abrir el flujo Creacion de RFQ desde requisicion -> Ejecutar el escenario seleccionar suppliers -> Validar respuesta del sistema y evidencia generada","El sistema cumple correctamente con el escenario evaluado: seleccionar suppliers.","Pendiente de ejecucion.",
F-104,RFQ,"Creacion de RFQ desde requisicion","Generar RFQs","Ambiente de QA disponible; usuario con acceso al modulo RFQ; flujo Creacion de RFQ desde requisicion habilitado; nivel de prueba UI + Feature HTTP disponible.","Ingresar al modulo RFQ -> Abrir el flujo Creacion de RFQ desde requisicion -> Ejecutar el escenario generar RFQs -> Validar respuesta del sistema y evidencia generada","El sistema cumple correctamente con el escenario evaluado: generar RFQs.","Pendiente de ejecucion.",
F-104,RFQ,"Creacion de RFQ desde requisicion","Crear multiples por grupo","Ambiente de QA disponible; usuario con acceso al modulo RFQ; flujo Creacion de RFQ desde requisicion habilitado; nivel de prueba UI + Feature HTTP disponible.","Ingresar al modulo RFQ -> Abrir el flujo Creacion de RFQ desde requisicion -> Ejecutar el escenario crear multiples por grupo -> Validar respuesta del sistema y evidencia generada","El sistema cumple correctamente con el escenario evaluado: crear multiples por grupo.","Pendiente de ejecucion.",
F-104,RFQ,"Creacion de RFQ desde requisicion","Validacion de fecha limite","Ambiente de QA disponible; usuario con acceso al modulo RFQ; flujo Creacion de RFQ desde requisicion habilitado; nivel de prueba UI + Feature HTTP disponible.","Ingresar al modulo RFQ -> Abrir el flujo Creacion de RFQ desde requisicion -> Ejecutar el escenario validacion de fecha limite -> Validar respuesta del sistema y evidencia generada","El sistema cumple correctamente con el escenario evaluado: validacion de fecha limite.","Pendiente de ejecucion.",
F-105,RFQ,"Wizard summary y datatable","Resumen del wizard","Ambiente de QA disponible; usuario con acceso al modulo RFQ; flujo Wizard summary y datatable habilitado; nivel de prueba UI + Feature HTTP disponible.","Ingresar al modulo RFQ -> Abrir el flujo Wizard summary y datatable -> Ejecutar el escenario resumen del wizard -> Validar respuesta del sistema y evidencia generada","El sistema cumple correctamente con el escenario evaluado: resumen del wizard.","Pendiente de ejecucion.",
F-105,RFQ,"Wizard summary y datatable",Datatable,"Ambiente de QA disponible; usuario con acceso al modulo RFQ; flujo Wizard summary y datatable habilitado; nivel de prueba UI + Feature HTTP disponible; datos semilla cargados.","Ingresar al modulo RFQ -> Abrir el flujo Wizard summary y datatable -> Ejecutar el escenario datatable -> Validar respuesta del sistema y evidencia generada","La informacion se muestra correctamente en pantalla, sin errores y con datos consistentes.","Pendiente de ejecucion.",
F-105,RFQ,"Wizard summary y datatable","Analisis de datos","Ambiente de QA disponible; usuario con acceso al modulo RFQ; flujo Wizard summary y datatable habilitado; nivel de prueba UI + Feature HTTP disponible; datos semilla cargados.","Ingresar al modulo RFQ -> Abrir el flujo Wizard summary y datatable -> Ejecutar el escenario analisis de datos -> Validar respuesta del sistema y evidencia generada","El sistema cumple correctamente con el escenario evaluado: analisis de datos.","Pendiente de ejecucion.",
F-105,RFQ,"Wizard summary y datatable","Consistencia con grupos/items","Ambiente de QA disponible; usuario con acceso al modulo RFQ; flujo Wizard summary y datatable habilitado; nivel de prueba UI + Feature HTTP disponible.","Ingresar al modulo RFQ -> Abrir el flujo Wizard summary y datatable -> Ejecutar el escenario consistencia con grupos/items -> Validar respuesta del sistema y evidencia generada","El sistema cumple correctamente con el escenario evaluado: consistencia con grupos/items.","Pendiente de ejecucion.",
F-106,RFQ,"Bandejas received/pending","Inbox pending y received","Ambiente de QA disponible; usuario con acceso al modulo RFQ; flujo Bandejas received/pending habilitado; nivel de prueba UI + Feature HTTP disponible.","Ingresar al modulo RFQ -> Abrir el flujo Bandejas received/pending -> Ejecutar el escenario inbox pending y received -> Validar respuesta del sistema y evidencia generada","El sistema cumple correctamente con el escenario evaluado: inbox pending y received.","Pendiente de ejecucion.",
F-106,RFQ,"Bandejas received/pending","Data endpoints","Ambiente de QA disponible; usuario con acceso al modulo RFQ; flujo Bandejas received/pending habilitado; nivel de prueba UI + Feature HTTP disponible.","Ingresar al modulo RFQ -> Abrir el flujo Bandejas received/pending -> Ejecutar el escenario data endpoints -> Validar respuesta del sistema y evidencia generada","El sistema cumple correctamente con el escenario evaluado: data endpoints.","Pendiente de ejecucion.",
F-106,RFQ,"Bandejas received/pending","Modales RFQ y requisicion","Ambiente de QA disponible; usuario con acceso al modulo RFQ; flujo Bandejas received/pending habilitado; nivel de prueba UI + Feature HTTP disponible.","Ingresar al modulo RFQ -> Abrir el flujo Bandejas received/pending -> Ejecutar el escenario modales RFQ y requisicion -> Validar respuesta del sistema y evidencia generada","El sistema cumple correctamente con el escenario evaluado: modales RFQ y requisicion.","Pendiente de ejecucion.",
F-106,RFQ,"Bandejas received/pending",Filtros,"Ambiente de QA disponible; usuario con acceso al modulo RFQ; flujo Bandejas received/pending habilitado; nivel de prueba UI + Feature HTTP disponible.","Ingresar al modulo RFQ -> Abrir el flujo Bandejas received/pending -> Ejecutar el escenario filtros -> Validar respuesta del sistema y evidencia generada","El sistema cumple correctamente con el escenario evaluado: filtros.","Pendiente de ejecucion.",
F-107,RFQ,"Envio single y envio bulk",Send-single,"Ambiente de QA disponible; usuario con acceso al modulo RFQ; flujo Envio single y envio bulk habilitado; nivel de prueba Feature HTTP + Notification disponible.","Ingresar al modulo RFQ -> Abrir el flujo Envio single y envio bulk -> Ejecutar el escenario send-single -> Validar respuesta del sistema y evidencia generada","El sistema cumple correctamente con el escenario evaluado: send-single.","Pendiente de ejecucion.",
F-107,RFQ,"Envio single y envio bulk",Send,"Ambiente de QA disponible; usuario con acceso al modulo RFQ; flujo Envio single y envio bulk habilitado; nivel de prueba Feature HTTP + Notification disponible.","Ingresar al modulo RFQ -> Abrir el flujo Envio single y envio bulk -> Ejecutar el escenario send -> Validar respuesta del sistema y evidencia generada","El sistema cumple correctamente con el escenario evaluado: send.","Pendiente de ejecucion.",
F-107,RFQ,"Envio single y envio bulk","Actualizacion de estado","Ambiente de QA disponible; usuario con acceso al modulo RFQ; flujo Envio single y envio bulk habilitado; nivel de prueba Feature HTTP + Notification disponible.","Ingresar al modulo RFQ -> Abrir el flujo Envio single y envio bulk -> Ejecutar el escenario actualizacion de estado -> Validar respuesta del sistema y evidencia generada","El sistema cumple correctamente con el escenario evaluado: actualizacion de estado.","Pendiente de ejecucion.",
F-107,RFQ,"Envio single y envio bulk","Sellado de fecha","Ambiente de QA disponible; usuario con acceso al modulo RFQ; flujo Envio single y envio bulk habilitado; nivel de prueba Feature HTTP + Notification disponible.","Ingresar al modulo RFQ -> Abrir el flujo Envio single y envio bulk -> Ejecutar el escenario sellado de fecha -> Validar respuesta del sistema y evidencia generada","El sistema cumple correctamente con el escenario evaluado: sellado de fecha.","Pendiente de ejecucion.",
F-107,RFQ,"Envio single y envio bulk","No reenvio invalido","Ambiente de QA disponible; usuario con acceso al modulo RFQ; flujo Envio single y envio bulk habilitado; nivel de prueba Feature HTTP + Notification disponible.","Ingresar al modulo RFQ -> Abrir el flujo Envio single y envio bulk -> Ejecutar el escenario no reenvio invalido -> Validar respuesta del sistema y evidencia generada","El sistema rechaza la accion indicada, conserva la integridad del flujo y muestra el mensaje o validacion correspondiente.","Pendiente de ejecucion.",
F-108,RFQ,"Vista interna de RFQ","Detalle por RFQ","Ambiente de QA disponible; usuario con acceso al modulo RFQ; flujo Vista interna de RFQ habilitado; nivel de prueba UI + Feature HTTP disponible.","Ingresar al modulo RFQ -> Abrir el flujo Vista interna de RFQ -> Ejecutar el escenario detalle por RFQ -> Validar respuesta del sistema y evidencia generada","El sistema cumple correctamente con el escenario evaluado: detalle por RFQ.","Pendiente de ejecucion.",
F-108,RFQ,"Vista interna de RFQ","Restricciones por actor","Ambiente de QA disponible; usuario con acceso al modulo RFQ; flujo Vista interna de RFQ habilitado; nivel de prueba UI + Feature HTTP disponible.","Ingresar al modulo RFQ -> Abrir el flujo Vista interna de RFQ -> Ejecutar el escenario restricciones por actor -> Validar respuesta del sistema y evidencia generada","El sistema cumple correctamente con el escenario evaluado: restricciones por actor.","Pendiente de ejecucion.",
F-108,RFQ,"Vista interna de RFQ","No acceso a RFQ ajena","Ambiente de QA disponible; usuario con acceso al modulo RFQ; flujo Vista interna de RFQ habilitado; nivel de prueba UI + Feature HTTP disponible.","Ingresar al modulo RFQ -> Abrir el flujo Vista interna de RFQ -> Ejecutar el escenario no acceso a RFQ ajena -> Validar respuesta del sistema y evidencia generada","El sistema impide el acceso o la accion no autorizada y mantiene protegido el recurso.","Pendiente de ejecucion.",
F-109,RFQ,"Cancelacion de RFQ","Cancelar RFQ","Ambiente de QA disponible; usuario con acceso al modulo RFQ; flujo Cancelacion de RFQ habilitado; nivel de prueba Feature HTTP + Notification disponible.","Ingresar al modulo RFQ -> Abrir el flujo Cancelacion de RFQ -> Ejecutar el escenario cancelar RFQ -> Validar respuesta del sistema y evidencia generada","El sistema cumple correctamente con el escenario evaluado: cancelar RFQ.","Pendiente de ejecucion.",
F-109,RFQ,"Cancelacion de RFQ","Notificar supplier y requester","Ambiente de QA disponible; usuario con acceso al modulo RFQ; flujo Cancelacion de RFQ habilitado; nivel de prueba Feature HTTP + Notification disponible.","Ingresar al modulo RFQ -> Abrir el flujo Cancelacion de RFQ -> Ejecutar el escenario notificar supplier y requester -> Validar respuesta del sistema y evidencia generada","El sistema cumple correctamente con el escenario evaluado: notificar supplier y requester.","Pendiente de ejecucion.",
F-109,RFQ,"Cancelacion de RFQ","No cancelar estados cerrados","Ambiente de QA disponible; usuario con acceso al modulo RFQ; flujo Cancelacion de RFQ habilitado; nivel de prueba Feature HTTP + Notification disponible.","Ingresar al modulo RFQ -> Abrir el flujo Cancelacion de RFQ -> Ejecutar el escenario no cancelar estados cerrados -> Validar respuesta del sistema y evidencia generada","El sistema cumple correctamente con el escenario evaluado: no cancelar estados cerrados.","Pendiente de ejecucion.",
F-110,RFQ,"Portal proveedor - visualizar RFQ","Supplier abre solo su RFQ","Ambiente de QA disponible; usuario con acceso al modulo RFQ; flujo Portal proveedor - visualizar RFQ habilitado; nivel de prueba UI + Feature HTTP disponible.","Ingresar al modulo RFQ -> Abrir el flujo Portal proveedor - visualizar RFQ -> Ejecutar el escenario supplier abre solo su RFQ -> Validar respuesta del sistema y evidencia generada","El sistema cumple correctamente con el escenario evaluado: supplier abre solo su RFQ.","Pendiente de ejecucion.",
F-110,RFQ,"Portal proveedor - visualizar RFQ","No abre RFQ ajena","Ambiente de QA disponible; usuario con acceso al modulo RFQ; flujo Portal proveedor - visualizar RFQ habilitado; nivel de prueba UI + Feature HTTP disponible.","Ingresar al modulo RFQ -> Abrir el flujo Portal proveedor - visualizar RFQ -> Ejecutar el escenario no abre RFQ ajena -> Validar respuesta del sistema y evidencia generada","El sistema cumple correctamente con el escenario evaluado: no abre RFQ ajena.","Pendiente de ejecucion.",
F-110,RFQ,"Portal proveedor - visualizar RFQ","Datos de partidas y adjuntos correctos","Ambiente de QA disponible; usuario con acceso al modulo RFQ; flujo Portal proveedor - visualizar RFQ habilitado; nivel de prueba UI + Feature HTTP disponible; datos semilla cargados.","Ingresar al modulo RFQ -> Abrir el flujo Portal proveedor - visualizar RFQ -> Ejecutar el escenario datos de partidas y adjuntos correctos -> Validar respuesta del sistema y evidencia generada","El sistema cumple correctamente con el escenario evaluado: datos de partidas y adjuntos correctos.","Pendiente de ejecucion.",
F-111,RFQ,"Portal proveedor - guardar cotizacion","Guardar draft","Ambiente de QA disponible; usuario con acceso al modulo RFQ; flujo Portal proveedor - guardar cotizacion habilitado; nivel de prueba UI + Feature HTTP disponible.","Ingresar al modulo RFQ -> Abrir el flujo Portal proveedor - guardar cotizacion -> Ejecutar el escenario guardar draft -> Validar respuesta del sistema y evidencia generada","El sistema cumple correctamente con el escenario evaluado: guardar draft.","Pendiente de ejecucion.",
F-111,RFQ,"Portal proveedor - guardar cotizacion","Actualizar propuesta","Ambiente de QA disponible; usuario con acceso al modulo RFQ; flujo Portal proveedor - guardar cotizacion habilitado; nivel de prueba UI + Feature HTTP disponible.","Ingresar al modulo RFQ -> Abrir el flujo Portal proveedor - guardar cotizacion -> Ejecutar el escenario actualizar propuesta -> Validar respuesta del sistema y evidencia generada","El sistema cumple correctamente con el escenario evaluado: actualizar propuesta.","Pendiente de ejecucion.",
F-111,RFQ,"Portal proveedor - guardar cotizacion","Adjuntar archivo","Ambiente de QA disponible; usuario con acceso al modulo RFQ; flujo Portal proveedor - guardar cotizacion habilitado; nivel de prueba UI + Feature HTTP disponible; archivo(s) de prueba disponible(s).","Ingresar al modulo RFQ -> Abrir el flujo Portal proveedor - guardar cotizacion -> Ejecutar el escenario adjuntar archivo -> Validar respuesta del sistema y evidencia generada","El sistema cumple correctamente con el escenario evaluado: adjuntar archivo.","Pendiente de ejecucion.",
F-111,RFQ,"Portal proveedor - guardar cotizacion","Validaciones de precio/plazo","Ambiente de QA disponible; usuario con acceso al modulo RFQ; flujo Portal proveedor - guardar cotizacion habilitado; nivel de prueba UI + Feature HTTP disponible.","Ingresar al modulo RFQ -> Abrir el flujo Portal proveedor - guardar cotizacion -> Ejecutar el escenario validaciones de precio/plazo -> Validar respuesta del sistema y evidencia generada","El sistema cumple correctamente con el escenario evaluado: validaciones de precio/plazo.","Pendiente de ejecucion.",
F-111,RFQ,"Portal proveedor - guardar cotizacion","Respuesta final","Ambiente de QA disponible; usuario con acceso al modulo RFQ; flujo Portal proveedor - guardar cotizacion habilitado; nivel de prueba UI + Feature HTTP disponible.","Ingresar al modulo RFQ -> Abrir el flujo Portal proveedor - guardar cotizacion -> Ejecutar el escenario respuesta final -> Validar respuesta del sistema y evidencia generada","El sistema cumple correctamente con el escenario evaluado: respuesta final.","Pendiente de ejecucion.",
F-112,RFQ,"Portal proveedor - historial y borrado draft","Historial de cotizaciones","Ambiente de QA disponible; usuario con acceso al modulo RFQ; flujo Portal proveedor - historial y borrado draft habilitado; nivel de prueba UI + Feature HTTP disponible.","Ingresar al modulo RFQ -> Abrir el flujo Portal proveedor - historial y borrado draft -> Ejecutar el escenario historial de cotizaciones -> Validar respuesta del sistema y evidencia generada","El sistema cumple correctamente con el escenario evaluado: historial de cotizaciones.","Pendiente de ejecucion.",
F-112,RFQ,"Portal proveedor - historial y borrado draft","Descarga de attachment","Ambiente de QA disponible; usuario con acceso al modulo RFQ; flujo Portal proveedor - historial y borrado draft habilitado; nivel de prueba UI + Feature HTTP disponible.","Ingresar al modulo RFQ -> Abrir el flujo Portal proveedor - historial y borrado draft -> Ejecutar el escenario descarga de attachment -> Validar respuesta del sistema y evidencia generada","La descarga se genera correctamente y el archivo resultante es utilizable.","Pendiente de ejecucion.",
F-112,RFQ,"Portal proveedor - historial y borrado draft","Delete draft solo del owner y solo si aplica","Ambiente de QA disponible; usuario con acceso al modulo RFQ; flujo Portal proveedor - historial y borrado draft habilitado; nivel de prueba UI + Feature HTTP disponible.","Ingresar al modulo RFQ -> Abrir el flujo Portal proveedor - historial y borrado draft -> Ejecutar el escenario delete draft solo del owner y solo si aplica -> Validar respuesta del sistema y evidencia generada","La eliminacion se ejecuta conforme a las restricciones del negocio y sin afectar informacion no relacionada.","Pendiente de ejecucion.",
F-113,RFQ,"Comparador de cotizaciones","Pantalla de comparacion","Ambiente de QA disponible; usuario con acceso al modulo RFQ; flujo Comparador de cotizaciones habilitado; nivel de prueba UI + Feature HTTP disponible.","Ingresar al modulo RFQ -> Abrir el flujo Comparador de cotizaciones -> Ejecutar el escenario pantalla de comparacion -> Validar respuesta del sistema y evidencia generada","El sistema cumple correctamente con el escenario evaluado: pantalla de comparacion.","Pendiente de ejecucion.",
F-113,RFQ,"Comparador de cotizaciones","Criterios de seleccion","Ambiente de QA disponible; usuario con acceso al modulo RFQ; flujo Comparador de cotizaciones habilitado; nivel de prueba UI + Feature HTTP disponible.","Ingresar al modulo RFQ -> Abrir el flujo Comparador de cotizaciones -> Ejecutar el escenario criterios de seleccion -> Validar respuesta del sistema y evidencia generada","El sistema cumple correctamente con el escenario evaluado: criterios de seleccion.","Pendiente de ejecucion.",
F-113,RFQ,"Comparador de cotizaciones","Sin respuestas","Ambiente de QA disponible; usuario con acceso al modulo RFQ; flujo Comparador de cotizaciones habilitado; nivel de prueba UI + Feature HTTP disponible.","Ingresar al modulo RFQ -> Abrir el flujo Comparador de cotizaciones -> Ejecutar el escenario sin respuestas -> Validar respuesta del sistema y evidencia generada","El sistema cumple correctamente con el escenario evaluado: sin respuestas.","Pendiente de ejecucion.",
F-113,RFQ,"Comparador de cotizaciones","Multiples grupos/proveedores","Ambiente de QA disponible; usuario con acceso al modulo RFQ; flujo Comparador de cotizaciones habilitado; nivel de prueba UI + Feature HTTP disponible.","Ingresar al modulo RFQ -> Abrir el flujo Comparador de cotizaciones -> Ejecutar el escenario multiples grupos/proveedores -> Validar respuesta del sistema y evidencia generada","El sistema cumple correctamente con el escenario evaluado: multiples grupos/proveedores.","Pendiente de ejecucion.",
F-114,RFQ,"Seleccion de ganador","Seleccionar ganador","Ambiente de QA disponible; usuario con acceso al modulo RFQ; flujo Seleccion de ganador habilitado; nivel de prueba Feature HTTP + Service disponible.","Ingresar al modulo RFQ -> Abrir el flujo Seleccion de ganador -> Ejecutar el escenario seleccionar ganador -> Validar respuesta del sistema y evidencia generada","El sistema cumple correctamente con el escenario evaluado: seleccionar ganador.","Pendiente de ejecucion.",
F-114,RFQ,"Seleccion de ganador","Actualizar estados","Ambiente de QA disponible; usuario con acceso al modulo RFQ; flujo Seleccion de ganador habilitado; nivel de prueba Feature HTTP + Service disponible.","Ingresar al modulo RFQ -> Abrir el flujo Seleccion de ganador -> Ejecutar el escenario actualizar estados -> Validar respuesta del sistema y evidencia generada","El sistema cumple correctamente con el escenario evaluado: actualizar estados.","Pendiente de ejecucion.",
F-114,RFQ,"Seleccion de ganador","Generar resumen o siguiente etapa","Ambiente de QA disponible; usuario con acceso al modulo RFQ; flujo Seleccion de ganador habilitado; nivel de prueba Feature HTTP + Service disponible.","Ingresar al modulo RFQ -> Abrir el flujo Seleccion de ganador -> Ejecutar el escenario generar resumen o siguiente etapa -> Validar respuesta del sistema y evidencia generada","El sistema cumple correctamente con el escenario evaluado: generar resumen o siguiente etapa.","Pendiente de ejecucion.",
F-114,RFQ,"Seleccion de ganador","No seleccionar supplier no respondio","Ambiente de QA disponible; usuario con acceso al modulo RFQ; flujo Seleccion de ganador habilitado; nivel de prueba Feature HTTP + Service disponible.","Ingresar al modulo RFQ -> Abrir el flujo Seleccion de ganador -> Ejecutar el escenario no seleccionar supplier no respondio -> Validar respuesta del sistema y evidencia generada","El sistema cumple correctamente con el escenario evaluado: no seleccionar supplier no respondio.","Pendiente de ejecucion.",
F-115,RFQ,"Reaward y cancel-rejected",Re-asignar,"Ambiente de QA disponible; usuario con acceso al modulo RFQ; flujo Reaward y cancel-rejected habilitado; nivel de prueba Feature HTTP disponible.","Ingresar al modulo RFQ -> Abrir el flujo Reaward y cancel-rejected -> Ejecutar el escenario re-asignar -> Validar respuesta del sistema y evidencia generada","El sistema cumple correctamente con el escenario evaluado: re-asignar.","Pendiente de ejecucion.",
F-115,RFQ,"Reaward y cancel-rejected","Cancelar rechazados","Ambiente de QA disponible; usuario con acceso al modulo RFQ; flujo Reaward y cancel-rejected habilitado; nivel de prueba Feature HTTP disponible.","Ingresar al modulo RFQ -> Abrir el flujo Reaward y cancel-rejected -> Ejecutar el escenario cancelar rechazados -> Validar respuesta del sistema y evidencia generada","El sistema cumple correctamente con el escenario evaluado: cancelar rechazados.","Pendiente de ejecucion.",
F-115,RFQ,"Reaward y cancel-rejected","Consistencia de estados y notificaciones","Ambiente de QA disponible; usuario con acceso al modulo RFQ; flujo Reaward y cancel-rejected habilitado; nivel de prueba Feature HTTP disponible.","Ingresar al modulo RFQ -> Abrir el flujo Reaward y cancel-rejected -> Ejecutar el escenario consistencia de estados y notificaciones -> Validar respuesta del sistema y evidencia generada","El sistema genera y entrega la notificacion esperada sin errores.","Pendiente de ejecucion.",
F-116,Aprobaciones,"Quotation approvals","Listado de aprobaciones","Ambiente de QA disponible; usuario con acceso al modulo Aprobaciones; flujo Quotation approvals habilitado; nivel de prueba UI + Feature HTTP disponible; datos semilla cargados.","Ingresar al modulo Aprobaciones -> Abrir el flujo Quotation approvals -> Ejecutar el escenario listado de aprobaciones -> Validar respuesta del sistema y evidencia generada","La informacion se muestra correctamente en pantalla, sin errores y con datos consistentes.","Pendiente de ejecucion.",
F-116,Aprobaciones,"Quotation approvals","Handle approve/reject","Ambiente de QA disponible; usuario con acceso al modulo Aprobaciones; flujo Quotation approvals habilitado; nivel de prueba UI + Feature HTTP disponible.","Ingresar al modulo Aprobaciones -> Abrir el flujo Quotation approvals -> Ejecutar el escenario handle approve/reject -> Validar respuesta del sistema y evidencia generada","El sistema cumple correctamente con el escenario evaluado: handle approve/reject.","Pendiente de ejecucion.",
F-116,Aprobaciones,"Quotation approvals",Comentarios,"Ambiente de QA disponible; usuario con acceso al modulo Aprobaciones; flujo Quotation approvals habilitado; nivel de prueba UI + Feature HTTP disponible.","Ingresar al modulo Aprobaciones -> Abrir el flujo Quotation approvals -> Ejecutar el escenario comentarios -> Validar respuesta del sistema y evidencia generada","El sistema cumple correctamente con el escenario evaluado: comentarios.","Pendiente de ejecucion.",
F-116,Aprobaciones,"Quotation approvals","Actor autorizado","Ambiente de QA disponible; usuario con acceso al modulo Aprobaciones; flujo Quotation approvals habilitado; nivel de prueba UI + Feature HTTP disponible.","Ingresar al modulo Aprobaciones -> Abrir el flujo Quotation approvals -> Ejecutar el escenario actor autorizado -> Validar respuesta del sistema y evidencia generada","El sistema cumple correctamente con el escenario evaluado: actor autorizado.","Pendiente de ejecucion.",
F-116,Aprobaciones,"Quotation approvals","Doble accion rechazada","Ambiente de QA disponible; usuario con acceso al modulo Aprobaciones; flujo Quotation approvals habilitado; nivel de prueba UI + Feature HTTP disponible.","Ingresar al modulo Aprobaciones -> Abrir el flujo Quotation approvals -> Ejecutar el escenario doble accion rechazada -> Validar respuesta del sistema y evidencia generada","El sistema cumple correctamente con el escenario evaluado: doble accion rechazada.","Pendiente de ejecucion.",
F-117,Productos/servicios,"Catalogo CRUD",Create/index/show/edit/delete/datatable,"Ambiente de QA disponible; usuario con acceso al modulo Productos/servicios; flujo Catalogo CRUD habilitado; nivel de prueba UI + Feature HTTP disponible; datos semilla cargados.","Ingresar al modulo Productos/servicios -> Abrir el flujo Catalogo CRUD -> Ejecutar el escenario create/index/show/edit/delete/datatable -> Validar respuesta del sistema y evidencia generada","La informacion se muestra correctamente en pantalla, sin errores y con datos consistentes.","Pendiente de ejecucion.",
F-117,Productos/servicios,"Catalogo CRUD",Validaciones,"Ambiente de QA disponible; usuario con acceso al modulo Productos/servicios; flujo Catalogo CRUD habilitado; nivel de prueba UI + Feature HTTP disponible.","Ingresar al modulo Productos/servicios -> Abrir el flujo Catalogo CRUD -> Ejecutar el escenario validaciones -> Validar respuesta del sistema y evidencia generada","El sistema cumple correctamente con el escenario evaluado: validaciones.","Pendiente de ejecucion.",
F-117,Productos/servicios,"Catalogo CRUD","Relacion con categorias y unidades","Ambiente de QA disponible; usuario con acceso al modulo Productos/servicios; flujo Catalogo CRUD habilitado; nivel de prueba UI + Feature HTTP disponible.","Ingresar al modulo Productos/servicios -> Abrir el flujo Catalogo CRUD -> Ejecutar el escenario relacion con categorias y unidades -> Validar respuesta del sistema y evidencia generada","El sistema cumple correctamente con el escenario evaluado: relacion con categorias y unidades.","Pendiente de ejecucion.",
F-118,Productos/servicios,Aprobar/rechazar/desactivar/reactivar,"Transiciones validas","Ambiente de QA disponible; usuario con acceso al modulo Productos/servicios; flujo Aprobar/rechazar/desactivar/reactivar habilitado; nivel de prueba Feature HTTP + Notification/Event disponible.","Ingresar al modulo Productos/servicios -> Abrir el flujo Aprobar/rechazar/desactivar/reactivar -> Ejecutar el escenario transiciones validas -> Validar respuesta del sistema y evidencia generada","El sistema cumple correctamente con el escenario evaluado: transiciones validas.","Pendiente de ejecucion.",
F-118,Productos/servicios,Aprobar/rechazar/desactivar/reactivar,Permisos,"Ambiente de QA disponible; usuario con acceso al modulo Productos/servicios; flujo Aprobar/rechazar/desactivar/reactivar habilitado; nivel de prueba Feature HTTP + Notification/Event disponible.","Ingresar al modulo Productos/servicios -> Abrir el flujo Aprobar/rechazar/desactivar/reactivar -> Ejecutar el escenario permisos -> Validar respuesta del sistema y evidencia generada","El sistema cumple correctamente con el escenario evaluado: permisos.","Pendiente de ejecucion.",
F-118,Productos/servicios,Aprobar/rechazar/desactivar/reactivar,Reactivacion,"Ambiente de QA disponible; usuario con acceso al modulo Productos/servicios; flujo Aprobar/rechazar/desactivar/reactivar habilitado; nivel de prueba Feature HTTP + Notification/Event disponible.","Ingresar al modulo Productos/servicios -> Abrir el flujo Aprobar/rechazar/desactivar/reactivar -> Ejecutar el escenario reactivacion -> Validar respuesta del sistema y evidencia generada","El sistema cumple correctamente con el escenario evaluado: reactivacion.","Pendiente de ejecucion.",
F-118,Productos/servicios,Aprobar/rechazar/desactivar/reactivar,"Notificaciones asociadas","Ambiente de QA disponible; usuario con acceso al modulo Productos/servicios; flujo Aprobar/rechazar/desactivar/reactivar habilitado; nivel de prueba Feature HTTP + Notification/Event disponible.","Ingresar al modulo Productos/servicios -> Abrir el flujo Aprobar/rechazar/desactivar/reactivar -> Ejecutar el escenario notificaciones asociadas -> Validar respuesta del sistema y evidencia generada","El sistema genera y entrega la notificacion esperada sin errores.","Pendiente de ejecucion.",
F-119,Productos/servicios,"Alta desde requisicion","Crear producto desde requisicion","Ambiente de QA disponible; usuario con acceso al modulo Productos/servicios; flujo Alta desde requisicion habilitado; nivel de prueba Feature HTTP disponible.","Ingresar al modulo Productos/servicios -> Abrir el flujo Alta desde requisicion -> Ejecutar el escenario crear producto desde requisicion -> Validar respuesta del sistema y evidencia generada","El sistema cumple correctamente con el escenario evaluado: crear producto desde requisicion.","Pendiente de ejecucion.",
F-119,Productos/servicios,"Alta desde requisicion","Vincular con flujo de compra","Ambiente de QA disponible; usuario con acceso al modulo Productos/servicios; flujo Alta desde requisicion habilitado; nivel de prueba Feature HTTP disponible.","Ingresar al modulo Productos/servicios -> Abrir el flujo Alta desde requisicion -> Ejecutar el escenario vincular con flujo de compra -> Validar respuesta del sistema y evidencia generada","El sistema cumple correctamente con el escenario evaluado: vincular con flujo de compra.","Pendiente de ejecucion.",
F-119,Productos/servicios,"Alta desde requisicion","Rechazo de payload invalido","Ambiente de QA disponible; usuario con acceso al modulo Productos/servicios; flujo Alta desde requisicion habilitado; nivel de prueba Feature HTTP disponible.","Ingresar al modulo Productos/servicios -> Abrir el flujo Alta desde requisicion -> Ejecutar el escenario rechazo de payload invalido -> Validar respuesta del sistema y evidencia generada","El sistema rechaza la accion indicada, conserva la integridad del flujo y muestra el mensaje o validacion correspondiente.","Pendiente de ejecucion.",
F-120,Compras,"Direct purchase order - create/edit/update","Crear OCD","Ambiente de QA disponible; usuario con acceso al modulo Compras; flujo Direct purchase order - create/edit/update habilitado; nivel de prueba UI + Feature HTTP disponible.","Ingresar al modulo Compras -> Abrir el flujo Direct purchase order - create/edit/update -> Ejecutar el escenario crear OCD -> Validar respuesta del sistema y evidencia generada","El sistema cumple correctamente con el escenario evaluado: crear OCD.","Pendiente de ejecucion.",
F-120,Compras,"Direct purchase order - create/edit/update","Editar borrador","Ambiente de QA disponible; usuario con acceso al modulo Compras; flujo Direct purchase order - create/edit/update habilitado; nivel de prueba UI + Feature HTTP disponible.","Ingresar al modulo Compras -> Abrir el flujo Direct purchase order - create/edit/update -> Ejecutar el escenario editar borrador -> Validar respuesta del sistema y evidencia generada","La eliminacion se ejecuta conforme a las restricciones del negocio y sin afectar informacion no relacionada.","Pendiente de ejecucion.",
F-120,Compras,"Direct purchase order - create/edit/update","Actualizar items","Ambiente de QA disponible; usuario con acceso al modulo Compras; flujo Direct purchase order - create/edit/update habilitado; nivel de prueba UI + Feature HTTP disponible.","Ingresar al modulo Compras -> Abrir el flujo Direct purchase order - create/edit/update -> Ejecutar el escenario actualizar items -> Validar respuesta del sistema y evidencia generada","El sistema cumple correctamente con el escenario evaluado: actualizar items.","Pendiente de ejecucion.",
F-120,Compras,"Direct purchase order - create/edit/update","Validaciones de supplier, category, monto, justificacion","Ambiente de QA disponible; usuario con acceso al modulo Compras; flujo Direct purchase order - create/edit/update habilitado; nivel de prueba UI + Feature HTTP disponible.","Ingresar al modulo Compras -> Abrir el flujo Direct purchase order - create/edit/update -> Ejecutar el escenario validaciones de supplier, category, monto, justificacion -> Validar respuesta del sistema y evidencia generada","El sistema cumple correctamente con el escenario evaluado: validaciones de supplier, category, monto, justificacion.","Pendiente de ejecucion.",
F-121,Compras,"OCD - categorias disponibles","Endpoint devuelve categorias compatibles por contexto","Ambiente de QA disponible; usuario con acceso al modulo Compras; flujo OCD - categorias disponibles habilitado; nivel de prueba API interna disponible.","Ingresar al modulo Compras -> Abrir el flujo OCD - categorias disponibles -> Ejecutar el escenario endpoint devuelve categorias compatibles por contexto -> Validar respuesta del sistema y evidencia generada","El sistema cumple correctamente con el escenario evaluado: endpoint devuelve categorias compatibles por contexto.","Pendiente de ejecucion.",
F-121,Compras,"OCD - categorias disponibles","Respuesta vacia controlada","Ambiente de QA disponible; usuario con acceso al modulo Compras; flujo OCD - categorias disponibles habilitado; nivel de prueba API interna disponible.","Ingresar al modulo Compras -> Abrir el flujo OCD - categorias disponibles -> Ejecutar el escenario respuesta vacia controlada -> Validar respuesta del sistema y evidencia generada","El sistema cumple correctamente con el escenario evaluado: respuesta vacia controlada.","Pendiente de ejecucion.",
F-122,Compras,"OCD - submit a aprobacion","Cambio a PENDING_APPROVAL","Ambiente de QA disponible; usuario con acceso al modulo Compras; flujo OCD - submit a aprobacion habilitado; nivel de prueba Feature HTTP + Service disponible.","Ingresar al modulo Compras -> Abrir el flujo OCD - submit a aprobacion -> Ejecutar el escenario cambio a PENDING_APPROVAL -> Validar respuesta del sistema y evidencia generada","El sistema cumple correctamente con el escenario evaluado: cambio a PENDING_APPROVAL.","Pendiente de ejecucion.",
F-122,Compras,"OCD - submit a aprobacion","Calculo de nivel","Ambiente de QA disponible; usuario con acceso al modulo Compras; flujo OCD - submit a aprobacion habilitado; nivel de prueba Feature HTTP + Service disponible.","Ingresar al modulo Compras -> Abrir el flujo OCD - submit a aprobacion -> Ejecutar el escenario calculo de nivel -> Validar respuesta del sistema y evidencia generada","El sistema cumple correctamente con el escenario evaluado: calculo de nivel.","Pendiente de ejecucion.",
F-122,Compras,"OCD - submit a aprobacion","No submit sin datos completos","Ambiente de QA disponible; usuario con acceso al modulo Compras; flujo OCD - submit a aprobacion habilitado; nivel de prueba Feature HTTP + Service disponible; datos semilla cargados.","Ingresar al modulo Compras -> Abrir el flujo OCD - submit a aprobacion -> Ejecutar el escenario no submit sin datos completos -> Validar respuesta del sistema y evidencia generada","El sistema cumple correctamente con el escenario evaluado: no submit sin datos completos.","Pendiente de ejecucion.",
F-123,Compras,"OCD - approve","Aprobacion por actor autorizado","Ambiente de QA disponible; usuario con acceso al modulo Compras; flujo OCD - approve habilitado; nivel de prueba Feature HTTP + Service + Notification disponible.","Ingresar al modulo Compras -> Abrir el flujo OCD - approve -> Ejecutar el escenario aprobacion por actor autorizado -> Validar respuesta del sistema y evidencia generada","El sistema cumple correctamente con el escenario evaluado: aprobacion por actor autorizado.","Pendiente de ejecucion.",
F-123,Compras,"OCD - approve","Compromiso presupuestal","Ambiente de QA disponible; usuario con acceso al modulo Compras; flujo OCD - approve habilitado; nivel de prueba Feature HTTP + Service + Notification disponible.","Ingresar al modulo Compras -> Abrir el flujo OCD - approve -> Ejecutar el escenario compromiso presupuestal -> Validar respuesta del sistema y evidencia generada","El sistema cumple correctamente con el escenario evaluado: compromiso presupuestal.","Pendiente de ejecucion.",
F-123,Compras,"OCD - approve","Cambio a ISSUED","Ambiente de QA disponible; usuario con acceso al modulo Compras; flujo OCD - approve habilitado; nivel de prueba Feature HTTP + Service + Notification disponible.","Ingresar al modulo Compras -> Abrir el flujo OCD - approve -> Ejecutar el escenario cambio a ISSUED -> Validar respuesta del sistema y evidencia generada","El sistema cumple correctamente con el escenario evaluado: cambio a ISSUED.","Pendiente de ejecucion.",
F-123,Compras,"OCD - approve","Notificacion al proveedor","Ambiente de QA disponible; usuario con acceso al modulo Compras; flujo OCD - approve habilitado; nivel de prueba Feature HTTP + Service + Notification disponible.","Ingresar al modulo Compras -> Abrir el flujo OCD - approve -> Ejecutar el escenario notificacion al proveedor -> Validar respuesta del sistema y evidencia generada","El sistema genera y entrega la notificacion esperada sin errores.","Pendiente de ejecucion.",
F-124,Compras,"OCD - reject / return","Rechazo con motivo","Ambiente de QA disponible; usuario con acceso al modulo Compras; flujo OCD - reject / return habilitado; nivel de prueba Feature HTTP + Notification disponible.","Ingresar al modulo Compras -> Abrir el flujo OCD - reject / return -> Ejecutar el escenario rechazo con motivo -> Validar respuesta del sistema y evidencia generada","El sistema rechaza la accion indicada, conserva la integridad del flujo y muestra el mensaje o validacion correspondiente.","Pendiente de ejecucion.",
F-124,Compras,"OCD - reject / return","Devolucion para correccion","Ambiente de QA disponible; usuario con acceso al modulo Compras; flujo OCD - reject / return habilitado; nivel de prueba Feature HTTP + Notification disponible.","Ingresar al modulo Compras -> Abrir el flujo OCD - reject / return -> Ejecutar el escenario devolucion para correccion -> Validar respuesta del sistema y evidencia generada","El sistema cumple correctamente con el escenario evaluado: devolucion para correccion.","Pendiente de ejecucion.",
F-124,Compras,"OCD - reject / return","Reenvio posterior","Ambiente de QA disponible; usuario con acceso al modulo Compras; flujo OCD - reject / return habilitado; nivel de prueba Feature HTTP + Notification disponible.","Ingresar al modulo Compras -> Abrir el flujo OCD - reject / return -> Ejecutar el escenario reenvio posterior -> Validar respuesta del sistema y evidencia generada","El sistema genera y entrega la notificacion esperada sin errores.","Pendiente de ejecucion.",
F-124,Compras,"OCD - reject / return",Auditoria,"Ambiente de QA disponible; usuario con acceso al modulo Compras; flujo OCD - reject / return habilitado; nivel de prueba Feature HTTP + Notification disponible.","Ingresar al modulo Compras -> Abrir el flujo OCD - reject / return -> Ejecutar el escenario auditoria -> Validar respuesta del sistema y evidencia generada","El sistema cumple correctamente con el escenario evaluado: auditoria.","Pendiente de ejecucion.",
F-125,Compras,"Purchase orders index y detail","Index general","Ambiente de QA disponible; usuario con acceso al modulo Compras; flujo Purchase orders index y detail habilitado; nivel de prueba UI + Feature HTTP disponible.","Ingresar al modulo Compras -> Abrir el flujo Purchase orders index y detail -> Ejecutar el escenario index general -> Validar respuesta del sistema y evidencia generada","El sistema cumple correctamente con el escenario evaluado: index general.","Pendiente de ejecucion.",
F-125,Compras,"Purchase orders index y detail","Datatable regular/direct","Ambiente de QA disponible; usuario con acceso al modulo Compras; flujo Purchase orders index y detail habilitado; nivel de prueba UI + Feature HTTP disponible; datos semilla cargados.","Ingresar al modulo Compras -> Abrir el flujo Purchase orders index y detail -> Ejecutar el escenario datatable regular/direct -> Validar respuesta del sistema y evidencia generada","La informacion se muestra correctamente en pantalla, sin errores y con datos consistentes.","Pendiente de ejecucion.",
F-125,Compras,"Purchase orders index y detail","Show regular","Ambiente de QA disponible; usuario con acceso al modulo Compras; flujo Purchase orders index y detail habilitado; nivel de prueba UI + Feature HTTP disponible.","Ingresar al modulo Compras -> Abrir el flujo Purchase orders index y detail -> Ejecutar el escenario show regular -> Validar respuesta del sistema y evidencia generada","El sistema cumple correctamente con el escenario evaluado: show regular.","Pendiente de ejecucion.",
F-125,Compras,"Purchase orders index y detail",ShowDirect,"Ambiente de QA disponible; usuario con acceso al modulo Compras; flujo Purchase orders index y detail habilitado; nivel de prueba UI + Feature HTTP disponible.","Ingresar al modulo Compras -> Abrir el flujo Purchase orders index y detail -> Ejecutar el escenario showDirect -> Validar respuesta del sistema y evidencia generada","El sistema cumple correctamente con el escenario evaluado: showDirect.","Pendiente de ejecucion.",
F-125,Compras,"Purchase orders index y detail","Render con relaciones faltantes","Ambiente de QA disponible; usuario con acceso al modulo Compras; flujo Purchase orders index y detail habilitado; nivel de prueba UI + Feature HTTP disponible.","Ingresar al modulo Compras -> Abrir el flujo Purchase orders index y detail -> Ejecutar el escenario render con relaciones faltantes -> Validar respuesta del sistema y evidencia generada","El registro se crea correctamente, respetando validaciones y reglas de negocio.","Pendiente de ejecucion.",
F-126,Compras,"Estados de OC/OCD","Transiciones permitidas entre DRAFT, PENDING_APPROVAL, ISSUED, PARTIALLY_RECEIVED, RECEIVED, CANCELLED, CLOSED_BY_INACTIVITY, DELIVERED_PENDING_RECEPTION","Ambiente de QA disponible; usuario con acceso al modulo Compras; flujo Estados de OC/OCD habilitado; nivel de prueba Service disponible.","Ingresar al modulo Compras -> Abrir el flujo Estados de OC/OCD -> Ejecutar el escenario transiciones permitidas entre DRAFT, PENDING_APPROVAL, ISSUED, PARTIALLY_RECEIVED, RECEIVED, CANCELLED, CLOSED_BY_INACTIVITY, DELIVERED_PENDING_RECEPTION -> Validar respuesta del sistema y evidencia generada","El sistema cumple correctamente con el escenario evaluado: transiciones permitidas entre DRAFT, PENDING_APPROVAL, ISSUED, PARTIALLY_RECEIVED, RECEIVED, CANCELLED, CLOSED_BY_INACTIVITY, DELIVERED_PENDING_RECEPTION.","Pendiente de ejecucion.",
F-127,"Entregas proveedor","Registro de entregas",Index,"Ambiente de QA disponible; usuario con acceso al modulo Entregas proveedor; flujo Registro de entregas habilitado; nivel de prueba UI + Feature HTTP disponible.","Ingresar al modulo Entregas proveedor -> Abrir el flujo Registro de entregas -> Ejecutar el escenario index -> Validar respuesta del sistema y evidencia generada","El sistema cumple correctamente con el escenario evaluado: index.","Pendiente de ejecucion.",
F-127,"Entregas proveedor","Registro de entregas",Create,"Ambiente de QA disponible; usuario con acceso al modulo Entregas proveedor; flujo Registro de entregas habilitado; nivel de prueba UI + Feature HTTP disponible.","Ingresar al modulo Entregas proveedor -> Abrir el flujo Registro de entregas -> Ejecutar el escenario create -> Validar respuesta del sistema y evidencia generada","El registro se crea correctamente, respetando validaciones y reglas de negocio.","Pendiente de ejecucion.",
F-127,"Entregas proveedor","Registro de entregas",Store,"Ambiente de QA disponible; usuario con acceso al modulo Entregas proveedor; flujo Registro de entregas habilitado; nivel de prueba UI + Feature HTTP disponible.","Ingresar al modulo Entregas proveedor -> Abrir el flujo Registro de entregas -> Ejecutar el escenario store -> Validar respuesta del sistema y evidencia generada","El sistema cumple correctamente con el escenario evaluado: store.","Pendiente de ejecucion.",
F-127,"Entregas proveedor","Registro de entregas","Remision obligatoria","Ambiente de QA disponible; usuario con acceso al modulo Entregas proveedor; flujo Registro de entregas habilitado; nivel de prueba UI + Feature HTTP disponible.","Ingresar al modulo Entregas proveedor -> Abrir el flujo Registro de entregas -> Ejecutar el escenario remision obligatoria -> Validar respuesta del sistema y evidencia generada","El sistema cumple correctamente con el escenario evaluado: remision obligatoria.","Pendiente de ejecucion.",
F-127,"Entregas proveedor","Registro de entregas","Orden correcta","Ambiente de QA disponible; usuario con acceso al modulo Entregas proveedor; flujo Registro de entregas habilitado; nivel de prueba UI + Feature HTTP disponible.","Ingresar al modulo Entregas proveedor -> Abrir el flujo Registro de entregas -> Ejecutar el escenario orden correcta -> Validar respuesta del sistema y evidencia generada","El sistema cumple correctamente con el escenario evaluado: orden correcta.","Pendiente de ejecucion.",
F-127,"Entregas proveedor","Registro de entregas","Bloqueo si locacion portal bloqueada","Ambiente de QA disponible; usuario con acceso al modulo Entregas proveedor; flujo Registro de entregas habilitado; nivel de prueba UI + Feature HTTP disponible.","Ingresar al modulo Entregas proveedor -> Abrir el flujo Registro de entregas -> Ejecutar el escenario bloqueo si locacion portal bloqueada -> Validar respuesta del sistema y evidencia generada","El sistema impide el acceso o la accion no autorizada y mantiene protegido el recurso.","Pendiente de ejecucion.",
F-128,Recepciones,"Overview y pendientes",Overview,"Ambiente de QA disponible; usuario con acceso al modulo Recepciones; flujo Overview y pendientes habilitado; nivel de prueba UI + Feature HTTP disponible.","Ingresar al modulo Recepciones -> Abrir el flujo Overview y pendientes -> Ejecutar el escenario overview -> Validar respuesta del sistema y evidencia generada","El sistema cumple correctamente con el escenario evaluado: overview.","Pendiente de ejecucion.",
F-128,Recepciones,"Overview y pendientes",Pending,"Ambiente de QA disponible; usuario con acceso al modulo Recepciones; flujo Overview y pendientes habilitado; nivel de prueba UI + Feature HTTP disponible.","Ingresar al modulo Recepciones -> Abrir el flujo Overview y pendientes -> Ejecutar el escenario pending -> Validar respuesta del sistema y evidencia generada","El sistema cumple correctamente con el escenario evaluado: pending.","Pendiente de ejecucion.",
F-128,Recepciones,"Overview y pendientes","Datatable regular/direct","Ambiente de QA disponible; usuario con acceso al modulo Recepciones; flujo Overview y pendientes habilitado; nivel de prueba UI + Feature HTTP disponible; datos semilla cargados.","Ingresar al modulo Recepciones -> Abrir el flujo Overview y pendientes -> Ejecutar el escenario datatable regular/direct -> Validar respuesta del sistema y evidencia generada","La informacion se muestra correctamente en pantalla, sin errores y con datos consistentes.","Pendiente de ejecucion.",
F-128,Recepciones,"Overview y pendientes","Filtros por locacion y estado","Ambiente de QA disponible; usuario con acceso al modulo Recepciones; flujo Overview y pendientes habilitado; nivel de prueba UI + Feature HTTP disponible.","Ingresar al modulo Recepciones -> Abrir el flujo Overview y pendientes -> Ejecutar el escenario filtros por locacion y estado -> Validar respuesta del sistema y evidencia generada","El sistema cumple correctamente con el escenario evaluado: filtros por locacion y estado.","Pendiente de ejecucion.",
F-129,Recepciones,"Recepcion contra PO regular",Create/store,"Ambiente de QA disponible; usuario con acceso al modulo Recepciones; flujo Recepcion contra PO regular habilitado; nivel de prueba UI + Feature HTTP + Service disponible.","Ingresar al modulo Recepciones -> Abrir el flujo Recepcion contra PO regular -> Ejecutar el escenario create/store -> Validar respuesta del sistema y evidencia generada","El registro se crea correctamente, respetando validaciones y reglas de negocio.","Pendiente de ejecucion.",
F-129,Recepciones,"Recepcion contra PO regular","Recepcion parcial","Ambiente de QA disponible; usuario con acceso al modulo Recepciones; flujo Recepcion contra PO regular habilitado; nivel de prueba UI + Feature HTTP + Service disponible.","Ingresar al modulo Recepciones -> Abrir el flujo Recepcion contra PO regular -> Ejecutar el escenario recepcion parcial -> Validar respuesta del sistema y evidencia generada","El sistema cumple correctamente con el escenario evaluado: recepcion parcial.","Pendiente de ejecucion.",
F-129,Recepciones,"Recepcion contra PO regular","Recepcion total","Ambiente de QA disponible; usuario con acceso al modulo Recepciones; flujo Recepcion contra PO regular habilitado; nivel de prueba UI + Feature HTTP + Service disponible.","Ingresar al modulo Recepciones -> Abrir el flujo Recepcion contra PO regular -> Ejecutar el escenario recepcion total -> Validar respuesta del sistema y evidencia generada","El sistema cumple correctamente con el escenario evaluado: recepcion total.","Pendiente de ejecucion.",
F-129,Recepciones,"Recepcion contra PO regular","Cantidades excedidas","Ambiente de QA disponible; usuario con acceso al modulo Recepciones; flujo Recepcion contra PO regular habilitado; nivel de prueba UI + Feature HTTP + Service disponible.","Ingresar al modulo Recepciones -> Abrir el flujo Recepcion contra PO regular -> Ejecutar el escenario cantidades excedidas -> Validar respuesta del sistema y evidencia generada","El sistema cumple correctamente con el escenario evaluado: cantidades excedidas.","Pendiente de ejecucion.",
F-129,Recepciones,"Recepcion contra PO regular","Folio generado","Ambiente de QA disponible; usuario con acceso al modulo Recepciones; flujo Recepcion contra PO regular habilitado; nivel de prueba UI + Feature HTTP + Service disponible.","Ingresar al modulo Recepciones -> Abrir el flujo Recepcion contra PO regular -> Ejecutar el escenario folio generado -> Validar respuesta del sistema y evidencia generada","El sistema cumple correctamente con el escenario evaluado: folio generado.","Pendiente de ejecucion.",
F-130,Recepciones,"Recepcion contra OCD",CreateDirect/storeDirect,"Ambiente de QA disponible; usuario con acceso al modulo Recepciones; flujo Recepcion contra OCD habilitado; nivel de prueba UI + Feature HTTP + Service disponible.","Ingresar al modulo Recepciones -> Abrir el flujo Recepcion contra OCD -> Ejecutar el escenario createDirect/storeDirect -> Validar respuesta del sistema y evidencia generada","El registro se crea correctamente, respetando validaciones y reglas de negocio.","Pendiente de ejecucion.",
F-130,Recepciones,"Recepcion contra OCD",Parcial/completa,"Ambiente de QA disponible; usuario con acceso al modulo Recepciones; flujo Recepcion contra OCD habilitado; nivel de prueba UI + Feature HTTP + Service disponible.","Ingresar al modulo Recepciones -> Abrir el flujo Recepcion contra OCD -> Ejecutar el escenario parcial/completa -> Validar respuesta del sistema y evidencia generada","El sistema cumple correctamente con el escenario evaluado: parcial/completa.","Pendiente de ejecucion.",
F-130,Recepciones,"Recepcion contra OCD","Mismo control de cantidades y estados","Ambiente de QA disponible; usuario con acceso al modulo Recepciones; flujo Recepcion contra OCD habilitado; nivel de prueba UI + Feature HTTP + Service disponible.","Ingresar al modulo Recepciones -> Abrir el flujo Recepcion contra OCD -> Ejecutar el escenario mismo control de cantidades y estados -> Validar respuesta del sistema y evidencia generada","El sistema cumple correctamente con el escenario evaluado: mismo control de cantidades y estados.","Pendiente de ejecucion.",
F-131,Recepciones,"No conformidad","Item no conforme","Ambiente de QA disponible; usuario con acceso al modulo Recepciones; flujo No conformidad habilitado; nivel de prueba UI + Feature HTTP disponible.","Ingresar al modulo Recepciones -> Abrir el flujo No conformidad -> Ejecutar el escenario item no conforme -> Validar respuesta del sistema y evidencia generada","El sistema cumple correctamente con el escenario evaluado: item no conforme.","Pendiente de ejecucion.",
F-131,Recepciones,"No conformidad","Tipo obligatorio","Ambiente de QA disponible; usuario con acceso al modulo Recepciones; flujo No conformidad habilitado; nivel de prueba UI + Feature HTTP disponible.","Ingresar al modulo Recepciones -> Abrir el flujo No conformidad -> Ejecutar el escenario tipo obligatorio -> Validar respuesta del sistema y evidencia generada","El sistema cumple correctamente con el escenario evaluado: tipo obligatorio.","Pendiente de ejecucion.",
F-131,Recepciones,"No conformidad","Descripcion amplia","Ambiente de QA disponible; usuario con acceso al modulo Recepciones; flujo No conformidad habilitado; nivel de prueba UI + Feature HTTP disponible.","Ingresar al modulo Recepciones -> Abrir el flujo No conformidad -> Ejecutar el escenario descripcion amplia -> Validar respuesta del sistema y evidencia generada","El sistema cumple correctamente con el escenario evaluado: descripcion amplia.","Pendiente de ejecucion.",
F-131,Recepciones,"No conformidad","Evidencia fotografica","Ambiente de QA disponible; usuario con acceso al modulo Recepciones; flujo No conformidad habilitado; nivel de prueba UI + Feature HTTP disponible.","Ingresar al modulo Recepciones -> Abrir el flujo No conformidad -> Ejecutar el escenario evidencia fotografica -> Validar respuesta del sistema y evidencia generada","El sistema cumple correctamente con el escenario evaluado: evidencia fotografica.","Pendiente de ejecucion.",
F-131,Recepciones,"No conformidad","Rechazo si falta evidencia","Ambiente de QA disponible; usuario con acceso al modulo Recepciones; flujo No conformidad habilitado; nivel de prueba UI + Feature HTTP disponible.","Ingresar al modulo Recepciones -> Abrir el flujo No conformidad -> Ejecutar el escenario rechazo si falta evidencia -> Validar respuesta del sistema y evidencia generada","El sistema rechaza la accion indicada, conserva la integridad del flujo y muestra el mensaje o validacion correspondiente.","Pendiente de ejecucion.",
F-132,Recepciones,"Show y descarga de remision","Detalle de recepcion","Ambiente de QA disponible; usuario con acceso al modulo Recepciones; flujo Show y descarga de remision habilitado; nivel de prueba UI + Feature HTTP disponible.","Ingresar al modulo Recepciones -> Abrir el flujo Show y descarga de remision -> Ejecutar el escenario detalle de recepcion -> Validar respuesta del sistema y evidencia generada","El sistema cumple correctamente con el escenario evaluado: detalle de recepcion.","Pendiente de ejecucion.",
F-132,Recepciones,"Show y descarga de remision","Descarga de remision","Ambiente de QA disponible; usuario con acceso al modulo Recepciones; flujo Show y descarga de remision habilitado; nivel de prueba UI + Feature HTTP disponible.","Ingresar al modulo Recepciones -> Abrir el flujo Show y descarga de remision -> Ejecutar el escenario descarga de remision -> Validar respuesta del sistema y evidencia generada","La descarga se genera correctamente y el archivo resultante es utilizable.","Pendiente de ejecucion.",
F-132,Recepciones,"Show y descarga de remision","404 si archivo falta","Ambiente de QA disponible; usuario con acceso al modulo Recepciones; flujo Show y descarga de remision habilitado; nivel de prueba UI + Feature HTTP disponible; archivo(s) de prueba disponible(s).","Ingresar al modulo Recepciones -> Abrir el flujo Show y descarga de remision -> Ejecutar el escenario 404 si archivo falta -> Validar respuesta del sistema y evidencia generada","El registro se crea correctamente, respetando validaciones y reglas de negocio.","Pendiente de ejecucion.",
F-132,Recepciones,"Show y descarga de remision","No acceso sin permiso","Ambiente de QA disponible; usuario con acceso al modulo Recepciones; flujo Show y descarga de remision habilitado; nivel de prueba UI + Feature HTTP disponible.","Ingresar al modulo Recepciones -> Abrir el flujo Show y descarga de remision -> Ejecutar el escenario no acceso sin permiso -> Validar respuesta del sistema y evidencia generada","El sistema impide el acceso o la accion no autorizada y mantiene protegido el recurso.","Pendiente de ejecucion.",
F-133,Recepciones,"Notificacion de recepcion completada","Al completar recepcion se notifica a actores esperados","Ambiente de QA disponible; usuario con acceso al modulo Recepciones; flujo Notificacion de recepcion completada habilitado; nivel de prueba Feature HTTP + Notification disponible.","Ingresar al modulo Recepciones -> Abrir el flujo Notificacion de recepcion completada -> Ejecutar el escenario al completar recepcion se notifica a actores esperados -> Validar respuesta del sistema y evidencia generada","El sistema cumple correctamente con el escenario evaluado: al completar recepcion se notifica a actores esperados.","Pendiente de ejecucion.",
F-133,Recepciones,"Notificacion de recepcion completada","Payload correcto","Ambiente de QA disponible; usuario con acceso al modulo Recepciones; flujo Notificacion de recepcion completada habilitado; nivel de prueba Feature HTTP + Notification disponible.","Ingresar al modulo Recepciones -> Abrir el flujo Notificacion de recepcion completada -> Ejecutar el escenario payload correcto -> Validar respuesta del sistema y evidencia generada","El sistema cumple correctamente con el escenario evaluado: payload correcto.","Pendiente de ejecucion.",
F-134,"Compras batch","Cierre automatico por inactividad","OC regular a 10 dias","Ambiente de QA disponible; usuario con acceso al modulo Compras batch; flujo Cierre automatico por inactividad habilitado; nivel de prueba Command + Scheduler disponible.","Ingresar al modulo Compras batch -> Abrir el flujo Cierre automatico por inactividad -> Ejecutar el escenario OC regular a 10 dias -> Validar respuesta del sistema y evidencia generada","El sistema cumple correctamente con el escenario evaluado: OC regular a 10 dias.","Pendiente de ejecucion.",
F-134,"Compras batch","Cierre automatico por inactividad","OCD a 7 dias","Ambiente de QA disponible; usuario con acceso al modulo Compras batch; flujo Cierre automatico por inactividad habilitado; nivel de prueba Command + Scheduler disponible.","Ingresar al modulo Compras batch -> Abrir el flujo Cierre automatico por inactividad -> Ejecutar el escenario OCD a 7 dias -> Validar respuesta del sistema y evidencia generada","El sistema cumple correctamente con el escenario evaluado: OCD a 7 dias.","Pendiente de ejecucion.",
F-134,"Compras batch","Cierre automatico por inactividad","No cerrar orden activa reciente","Ambiente de QA disponible; usuario con acceso al modulo Compras batch; flujo Cierre automatico por inactividad habilitado; nivel de prueba Command + Scheduler disponible.","Ingresar al modulo Compras batch -> Abrir el flujo Cierre automatico por inactividad -> Ejecutar el escenario no cerrar orden activa reciente -> Validar respuesta del sistema y evidencia generada","El sistema cumple correctamente con el escenario evaluado: no cerrar orden activa reciente.","Pendiente de ejecucion.",
F-134,"Compras batch","Cierre automatico por inactividad","Sin duplicar notificaciones","Ambiente de QA disponible; usuario con acceso al modulo Compras batch; flujo Cierre automatico por inactividad habilitado; nivel de prueba Command + Scheduler disponible.","Ingresar al modulo Compras batch -> Abrir el flujo Cierre automatico por inactividad -> Ejecutar el escenario sin duplicar notificaciones -> Validar respuesta del sistema y evidencia generada","El sistema genera y entrega la notificacion esperada sin errores.","Pendiente de ejecucion.",
F-135,"Compras batch","Alertas de entrega dia 0/2/3","Job genera correo correcto","Ambiente de QA disponible; usuario con acceso al modulo Compras batch; flujo Alertas de entrega dia 0/2/3 habilitado; nivel de prueba Job + Mail disponible; correo de prueba configurado.","Ingresar al modulo Compras batch -> Abrir el flujo Alertas de entrega dia 0/2/3 -> Ejecutar el escenario job genera correo correcto -> Validar respuesta del sistema y evidencia generada","El sistema cumple correctamente con el escenario evaluado: job genera correo correcto.","Pendiente de ejecucion.",
F-135,"Compras batch","Alertas de entrega dia 0/2/3","Solo ordenes elegibles","Ambiente de QA disponible; usuario con acceso al modulo Compras batch; flujo Alertas de entrega dia 0/2/3 habilitado; nivel de prueba Job + Mail disponible.","Ingresar al modulo Compras batch -> Abrir el flujo Alertas de entrega dia 0/2/3 -> Ejecutar el escenario solo ordenes elegibles -> Validar respuesta del sistema y evidencia generada","El sistema cumple correctamente con el escenario evaluado: solo ordenes elegibles.","Pendiente de ejecucion.",
F-135,"Compras batch","Alertas de entrega dia 0/2/3","No duplicidad","Ambiente de QA disponible; usuario con acceso al modulo Compras batch; flujo Alertas de entrega dia 0/2/3 habilitado; nivel de prueba Job + Mail disponible.","Ingresar al modulo Compras batch -> Abrir el flujo Alertas de entrega dia 0/2/3 -> Ejecutar el escenario no duplicidad -> Validar respuesta del sistema y evidencia generada","El sistema cumple correctamente con el escenario evaluado: no duplicidad.","Pendiente de ejecucion.",
F-135,"Compras batch","Alertas de entrega dia 0/2/3","Manejo de orden sin email","Ambiente de QA disponible; usuario con acceso al modulo Compras batch; flujo Alertas de entrega dia 0/2/3 habilitado; nivel de prueba Job + Mail disponible; correo de prueba configurado.","Ingresar al modulo Compras batch -> Abrir el flujo Alertas de entrega dia 0/2/3 -> Ejecutar el escenario manejo de orden sin email -> Validar respuesta del sistema y evidencia generada","El sistema cumple correctamente con el escenario evaluado: manejo de orden sin email.","Pendiente de ejecucion.",
F-140,"Finanzas proveedor","Upload de invoice por supplier",Listado,"Ambiente de QA disponible; usuario con acceso al modulo Finanzas proveedor; flujo Upload de invoice por supplier habilitado; nivel de prueba UI + Feature HTTP + Service disponible; datos semilla cargados.","Ingresar al modulo Finanzas proveedor -> Abrir el flujo Upload de invoice por supplier -> Ejecutar el escenario listado -> Validar respuesta del sistema y evidencia generada","La informacion se muestra correctamente en pantalla, sin errores y con datos consistentes.","Pendiente de ejecucion.",
F-140,"Finanzas proveedor","Upload de invoice por supplier",Create,"Ambiente de QA disponible; usuario con acceso al modulo Finanzas proveedor; flujo Upload de invoice por supplier habilitado; nivel de prueba UI + Feature HTTP + Service disponible.","Ingresar al modulo Finanzas proveedor -> Abrir el flujo Upload de invoice por supplier -> Ejecutar el escenario create -> Validar respuesta del sistema y evidencia generada","El registro se crea correctamente, respetando validaciones y reglas de negocio.","Pendiente de ejecucion.",
F-140,"Finanzas proveedor","Upload de invoice por supplier",Store,"Ambiente de QA disponible; usuario con acceso al modulo Finanzas proveedor; flujo Upload de invoice por supplier habilitado; nivel de prueba UI + Feature HTTP + Service disponible.","Ingresar al modulo Finanzas proveedor -> Abrir el flujo Upload de invoice por supplier -> Ejecutar el escenario store -> Validar respuesta del sistema y evidencia generada","El sistema cumple correctamente con el escenario evaluado: store.","Pendiente de ejecucion.",
F-140,"Finanzas proveedor","Upload de invoice por supplier","Xml/pdf validos","Ambiente de QA disponible; usuario con acceso al modulo Finanzas proveedor; flujo Upload de invoice por supplier habilitado; nivel de prueba UI + Feature HTTP + Service disponible; archivo(s) de prueba disponible(s).","Ingresar al modulo Finanzas proveedor -> Abrir el flujo Upload de invoice por supplier -> Ejecutar el escenario xml/pdf validos -> Validar respuesta del sistema y evidencia generada","El sistema cumple correctamente con el escenario evaluado: xml/pdf validos.","Pendiente de ejecucion.",
F-140,"Finanzas proveedor","Upload de invoice por supplier","Orden/supplier compatible","Ambiente de QA disponible; usuario con acceso al modulo Finanzas proveedor; flujo Upload de invoice por supplier habilitado; nivel de prueba UI + Feature HTTP + Service disponible.","Ingresar al modulo Finanzas proveedor -> Abrir el flujo Upload de invoice por supplier -> Ejecutar el escenario orden/supplier compatible -> Validar respuesta del sistema y evidencia generada","El sistema cumple correctamente con el escenario evaluado: orden/supplier compatible.","Pendiente de ejecucion.",
F-140,"Finanzas proveedor","Upload de invoice por supplier","Validaciones de uuid y parseo","Ambiente de QA disponible; usuario con acceso al modulo Finanzas proveedor; flujo Upload de invoice por supplier habilitado; nivel de prueba UI + Feature HTTP + Service disponible.","Ingresar al modulo Finanzas proveedor -> Abrir el flujo Upload de invoice por supplier -> Ejecutar el escenario validaciones de uuid y parseo -> Validar respuesta del sistema y evidencia generada","El sistema cumple correctamente con el escenario evaluado: validaciones de uuid y parseo.","Pendiente de ejecucion.",
F-141,"Finanzas internas","Upload de invoice por finanzas",Create/store/show,"Ambiente de QA disponible; usuario con acceso al modulo Finanzas internas; flujo Upload de invoice por finanzas habilitado; nivel de prueba UI + Feature HTTP + Service disponible.","Ingresar al modulo Finanzas internas -> Abrir el flujo Upload de invoice por finanzas -> Ejecutar el escenario create/store/show -> Validar respuesta del sistema y evidencia generada","El registro se crea correctamente, respetando validaciones y reglas de negocio.","Pendiente de ejecucion.",
F-141,"Finanzas internas","Upload de invoice por finanzas","Seleccion de order standard o direct","Ambiente de QA disponible; usuario con acceso al modulo Finanzas internas; flujo Upload de invoice por finanzas habilitado; nivel de prueba UI + Feature HTTP + Service disponible.","Ingresar al modulo Finanzas internas -> Abrir el flujo Upload de invoice por finanzas -> Ejecutar el escenario seleccion de order standard o direct -> Validar respuesta del sistema y evidencia generada","El sistema cumple correctamente con el escenario evaluado: seleccion de order standard o direct.","Pendiente de ejecucion.",
F-141,"Finanzas internas","Upload de invoice por finanzas","Mismatch supplier/order produce 422","Ambiente de QA disponible; usuario con acceso al modulo Finanzas internas; flujo Upload de invoice por finanzas habilitado; nivel de prueba UI + Feature HTTP + Service disponible.","Ingresar al modulo Finanzas internas -> Abrir el flujo Upload de invoice por finanzas -> Ejecutar el escenario mismatch supplier/order produce 422 -> Validar respuesta del sistema y evidencia generada","El sistema cumple correctamente con el escenario evaluado: mismatch supplier/order produce 422.","Pendiente de ejecucion.",
F-142,"Finanzas internas","Rechazo de invoice","Rechazo con motivo","Ambiente de QA disponible; usuario con acceso al modulo Finanzas internas; flujo Rechazo de invoice habilitado; nivel de prueba Feature HTTP + Service disponible.","Ingresar al modulo Finanzas internas -> Abrir el flujo Rechazo de invoice -> Ejecutar el escenario rechazo con motivo -> Validar respuesta del sistema y evidencia generada","El sistema rechaza la accion indicada, conserva la integridad del flujo y muestra el mensaje o validacion correspondiente.","Pendiente de ejecucion.",
F-142,"Finanzas internas","Rechazo de invoice","Solo UPLOADED","Ambiente de QA disponible; usuario con acceso al modulo Finanzas internas; flujo Rechazo de invoice habilitado; nivel de prueba Feature HTTP + Service disponible.","Ingresar al modulo Finanzas internas -> Abrir el flujo Rechazo de invoice -> Ejecutar el escenario solo UPLOADED -> Validar respuesta del sistema y evidencia generada","El sistema cumple correctamente con el escenario evaluado: solo UPLOADED.","Pendiente de ejecucion.",
F-142,"Finanzas internas","Rechazo de invoice","Bloqueo si ya vinculada","Ambiente de QA disponible; usuario con acceso al modulo Finanzas internas; flujo Rechazo de invoice habilitado; nivel de prueba Feature HTTP + Service disponible.","Ingresar al modulo Finanzas internas -> Abrir el flujo Rechazo de invoice -> Ejecutar el escenario bloqueo si ya vinculada -> Validar respuesta del sistema y evidencia generada","El sistema impide el acceso o la accion no autorizada y mantiene protegido el recurso.","Pendiente de ejecucion.",
F-142,"Finanzas internas","Rechazo de invoice","Mensaje funcional","Ambiente de QA disponible; usuario con acceso al modulo Finanzas internas; flujo Rechazo de invoice habilitado; nivel de prueba Feature HTTP + Service disponible.","Ingresar al modulo Finanzas internas -> Abrir el flujo Rechazo de invoice -> Ejecutar el escenario mensaje funcional -> Validar respuesta del sistema y evidencia generada","El sistema cumple correctamente con el escenario evaluado: mensaje funcional.","Pendiente de ejecucion.",
F-143,Provisiones,"Index y show de financial provisions",Paginacion,"Ambiente de QA disponible; usuario con acceso al modulo Provisiones; flujo Index y show de financial provisions habilitado; nivel de prueba UI + Feature HTTP disponible.","Ingresar al modulo Provisiones -> Abrir el flujo Index y show de financial provisions -> Ejecutar el escenario paginacion -> Validar respuesta del sistema y evidencia generada","El sistema cumple correctamente con el escenario evaluado: paginacion.","Pendiente de ejecucion.",
F-143,Provisiones,"Index y show de financial provisions","Relaciones cargadas","Ambiente de QA disponible; usuario con acceso al modulo Provisiones; flujo Index y show de financial provisions habilitado; nivel de prueba UI + Feature HTTP disponible.","Ingresar al modulo Provisiones -> Abrir el flujo Index y show de financial provisions -> Ejecutar el escenario relaciones cargadas -> Validar respuesta del sistema y evidencia generada","El sistema cumple correctamente con el escenario evaluado: relaciones cargadas.","Pendiente de ejecucion.",
F-143,Provisiones,"Index y show de financial provisions","Invoices compatibles","Ambiente de QA disponible; usuario con acceso al modulo Provisiones; flujo Index y show de financial provisions habilitado; nivel de prueba UI + Feature HTTP disponible.","Ingresar al modulo Provisiones -> Abrir el flujo Index y show de financial provisions -> Ejecutar el escenario invoices compatibles -> Validar respuesta del sistema y evidencia generada","El sistema cumple correctamente con el escenario evaluado: invoices compatibles.","Pendiente de ejecucion.",
F-143,Provisiones,"Index y show de financial provisions","Datos de receivable correctos","Ambiente de QA disponible; usuario con acceso al modulo Provisiones; flujo Index y show de financial provisions habilitado; nivel de prueba UI + Feature HTTP disponible; datos semilla cargados.","Ingresar al modulo Provisiones -> Abrir el flujo Index y show de financial provisions -> Ejecutar el escenario datos de receivable correctos -> Validar respuesta del sistema y evidencia generada","El sistema cumple correctamente con el escenario evaluado: datos de receivable correctos.","Pendiente de ejecucion.",
F-144,Provisiones,"Link invoice a provision","Solo provision PENDING_INVOICE","Ambiente de QA disponible; usuario con acceso al modulo Provisiones; flujo Link invoice a provision habilitado; nivel de prueba Feature HTTP + Service disponible.","Ingresar al modulo Provisiones -> Abrir el flujo Link invoice a provision -> Ejecutar el escenario solo provision PENDING_INVOICE -> Validar respuesta del sistema y evidencia generada","El sistema cumple correctamente con el escenario evaluado: solo provision PENDING_INVOICE.","Pendiente de ejecucion.",
F-144,Provisiones,"Link invoice a provision","Invoice compatible","Ambiente de QA disponible; usuario con acceso al modulo Provisiones; flujo Link invoice a provision habilitado; nivel de prueba Feature HTTP + Service disponible.","Ingresar al modulo Provisiones -> Abrir el flujo Link invoice a provision -> Ejecutar el escenario invoice compatible -> Validar respuesta del sistema y evidencia generada","El sistema cumple correctamente con el escenario evaluado: invoice compatible.","Pendiente de ejecucion.",
F-144,Provisiones,"Link invoice a provision","Cambio de estado","Ambiente de QA disponible; usuario con acceso al modulo Provisiones; flujo Link invoice a provision habilitado; nivel de prueba Feature HTTP + Service disponible.","Ingresar al modulo Provisiones -> Abrir el flujo Link invoice a provision -> Ejecutar el escenario cambio de estado -> Validar respuesta del sistema y evidencia generada","El sistema cumple correctamente con el escenario evaluado: cambio de estado.","Pendiente de ejecucion.",
F-144,Provisiones,"Link invoice a provision","Conciliacion correcta","Ambiente de QA disponible; usuario con acceso al modulo Provisiones; flujo Link invoice a provision habilitado; nivel de prueba Feature HTTP + Service disponible.","Ingresar al modulo Provisiones -> Abrir el flujo Link invoice a provision -> Ejecutar el escenario conciliacion correcta -> Validar respuesta del sistema y evidencia generada","El sistema cumple correctamente con el escenario evaluado: conciliacion correcta.","Pendiente de ejecucion.",
F-145,Provisiones,"Autorizar ajuste","Solo DISCREPANCY_REVIEW","Ambiente de QA disponible; usuario con acceso al modulo Provisiones; flujo Autorizar ajuste habilitado; nivel de prueba Feature HTTP + Service disponible.","Ingresar al modulo Provisiones -> Abrir el flujo Autorizar ajuste -> Ejecutar el escenario solo DISCREPANCY_REVIEW -> Validar respuesta del sistema y evidencia generada","El sistema cumple correctamente con el escenario evaluado: solo DISCREPANCY_REVIEW.","Pendiente de ejecucion.",
F-145,Provisiones,"Autorizar ajuste","Amount y reason validos","Ambiente de QA disponible; usuario con acceso al modulo Provisiones; flujo Autorizar ajuste habilitado; nivel de prueba Feature HTTP + Service disponible.","Ingresar al modulo Provisiones -> Abrir el flujo Autorizar ajuste -> Ejecutar el escenario amount y reason validos -> Validar respuesta del sistema y evidencia generada","El sistema cumple correctamente con el escenario evaluado: amount y reason validos.","Pendiente de ejecucion.",
F-145,Provisiones,"Autorizar ajuste","Cierre de provision","Ambiente de QA disponible; usuario con acceso al modulo Provisiones; flujo Autorizar ajuste habilitado; nivel de prueba Feature HTTP + Service disponible.","Ingresar al modulo Provisiones -> Abrir el flujo Autorizar ajuste -> Ejecutar el escenario cierre de provision -> Validar respuesta del sistema y evidencia generada","El sistema cumple correctamente con el escenario evaluado: cierre de provision.","Pendiente de ejecucion.",
F-145,Provisiones,"Autorizar ajuste","Registro de authorizer","Ambiente de QA disponible; usuario con acceso al modulo Provisiones; flujo Autorizar ajuste habilitado; nivel de prueba Feature HTTP + Service disponible.","Ingresar al modulo Provisiones -> Abrir el flujo Autorizar ajuste -> Ejecutar el escenario registro de authorizer -> Validar respuesta del sistema y evidencia generada","El sistema cumple correctamente con el escenario evaluado: registro de authorizer.","Pendiente de ejecucion.",
F-146,Provisiones,"Notificaciones financieras","FinancialProvisionPendingInvoiceNotification y FinancialProvisionDiscrepancyNotification disparan cuando corresponde","Ambiente de QA disponible; usuario con acceso al modulo Provisiones; flujo Notificaciones financieras habilitado; nivel de prueba Notification disponible.","Ingresar al modulo Provisiones -> Abrir el flujo Notificaciones financieras -> Ejecutar el escenario FinancialProvisionPendingInvoiceNotification y FinancialProvisionDiscrepancyNotification disparan cuando corresponde -> Validar respuesta del sistema y evidencia generada","El sistema cumple correctamente con el escenario evaluado: FinancialProvisionPendingInvoiceNotification y FinancialProvisionDiscrepancyNotification disparan cuando corresponde.","Pendiente de ejecucion.",
F-147,Herramientas,"CFDI generator - UI","Acceso solo superadmin","Ambiente de QA disponible; usuario con acceso al modulo Herramientas; flujo CFDI generator - UI habilitado; nivel de prueba UI + Feature HTTP disponible.","Ingresar al modulo Herramientas -> Abrir el flujo CFDI generator - UI -> Ejecutar el escenario acceso solo superadmin -> Validar respuesta del sistema y evidencia generada","El sistema cumple correctamente con el escenario evaluado: acceso solo superadmin.","Pendiente de ejecucion.",
F-147,Herramientas,"CFDI generator - UI","Form con datos validos","Ambiente de QA disponible; usuario con acceso al modulo Herramientas; flujo CFDI generator - UI habilitado; nivel de prueba UI + Feature HTTP disponible; datos semilla cargados.","Ingresar al modulo Herramientas -> Abrir el flujo CFDI generator - UI -> Ejecutar el escenario form con datos validos -> Validar respuesta del sistema y evidencia generada","El sistema cumple correctamente con el escenario evaluado: form con datos validos.","Pendiente de ejecucion.",
F-147,Herramientas,"CFDI generator - UI","Errores de validacion","Ambiente de QA disponible; usuario con acceso al modulo Herramientas; flujo CFDI generator - UI habilitado; nivel de prueba UI + Feature HTTP disponible.","Ingresar al modulo Herramientas -> Abrir el flujo CFDI generator - UI -> Ejecutar el escenario errores de validacion -> Validar respuesta del sistema y evidencia generada","El sistema cumple correctamente con el escenario evaluado: errores de validacion.","Pendiente de ejecucion.",
F-147,Herramientas,"CFDI generator - UI","Descarga XML/PDF","Ambiente de QA disponible; usuario con acceso al modulo Herramientas; flujo CFDI generator - UI habilitado; nivel de prueba UI + Feature HTTP disponible; archivo(s) de prueba disponible(s).","Ingresar al modulo Herramientas -> Abrir el flujo CFDI generator - UI -> Ejecutar el escenario descarga XML/PDF -> Validar respuesta del sistema y evidencia generada","La descarga se genera correctamente y el archivo resultante es utilizable.","Pendiente de ejecucion.",
F-148,Herramientas,"CFDI generator service","Estructura XML","Ambiente de QA disponible; usuario con acceso al modulo Herramientas; flujo CFDI generator service habilitado; nivel de prueba Service disponible; archivo(s) de prueba disponible(s).","Ingresar al modulo Herramientas -> Abrir el flujo CFDI generator service -> Ejecutar el escenario estructura XML -> Validar respuesta del sistema y evidencia generada","El sistema cumple correctamente con el escenario evaluado: estructura XML.","Pendiente de ejecucion.",
F-148,Herramientas,"CFDI generator service","Sello/datos demo","Ambiente de QA disponible; usuario con acceso al modulo Herramientas; flujo CFDI generator service habilitado; nivel de prueba Service disponible; datos semilla cargados.","Ingresar al modulo Herramientas -> Abrir el flujo CFDI generator service -> Ejecutar el escenario sello/datos demo -> Validar respuesta del sistema y evidencia generada","El sistema cumple correctamente con el escenario evaluado: sello/datos demo.","Pendiente de ejecucion.",
F-148,Herramientas,"CFDI generator service","Representacion PDF","Ambiente de QA disponible; usuario con acceso al modulo Herramientas; flujo CFDI generator service habilitado; nivel de prueba Service disponible; archivo(s) de prueba disponible(s).","Ingresar al modulo Herramientas -> Abrir el flujo CFDI generator service -> Ejecutar el escenario representacion PDF -> Validar respuesta del sistema y evidencia generada","El sistema cumple correctamente con el escenario evaluado: representacion PDF.","Pendiente de ejecucion.",
F-148,Herramientas,"CFDI generator service","Nombres de archivo","Ambiente de QA disponible; usuario con acceso al modulo Herramientas; flujo CFDI generator service habilitado; nivel de prueba Service disponible; archivo(s) de prueba disponible(s).","Ingresar al modulo Herramientas -> Abrir el flujo CFDI generator service -> Ejecutar el escenario nombres de archivo -> Validar respuesta del sistema y evidencia generada","El sistema cumple correctamente con el escenario evaluado: nombres de archivo.","Pendiente de ejecucion.",
F-148,Herramientas,"CFDI generator service","No persistencia en disco","Ambiente de QA disponible; usuario con acceso al modulo Herramientas; flujo CFDI generator service habilitado; nivel de prueba Service disponible.","Ingresar al modulo Herramientas -> Abrir el flujo CFDI generator service -> Ejecutar el escenario no persistencia en disco -> Validar respuesta del sistema y evidencia generada","El sistema cumple correctamente con el escenario evaluado: no persistencia en disco.","Pendiente de ejecucion.",
F-149,Herramientas,"CFDI XML parser","Parseo de XML valido","Ambiente de QA disponible; usuario con acceso al modulo Herramientas; flujo CFDI XML parser habilitado; nivel de prueba Service disponible; archivo(s) de prueba disponible(s).","Ingresar al modulo Herramientas -> Abrir el flujo CFDI XML parser -> Ejecutar el escenario parseo de XML valido -> Validar respuesta del sistema y evidencia generada","El sistema cumple correctamente con el escenario evaluado: parseo de XML valido.","Pendiente de ejecucion.",
F-149,Herramientas,"CFDI XML parser","Rechazo de XML invalido","Ambiente de QA disponible; usuario con acceso al modulo Herramientas; flujo CFDI XML parser habilitado; nivel de prueba Service disponible; archivo(s) de prueba disponible(s).","Ingresar al modulo Herramientas -> Abrir el flujo CFDI XML parser -> Ejecutar el escenario rechazo de XML invalido -> Validar respuesta del sistema y evidencia generada","El sistema rechaza la accion indicada, conserva la integridad del flujo y muestra el mensaje o validacion correspondiente.","Pendiente de ejecucion.",
F-149,Herramientas,"CFDI XML parser","Campos faltantes","Ambiente de QA disponible; usuario con acceso al modulo Herramientas; flujo CFDI XML parser habilitado; nivel de prueba Service disponible.","Ingresar al modulo Herramientas -> Abrir el flujo CFDI XML parser -> Ejecutar el escenario campos faltantes -> Validar respuesta del sistema y evidencia generada","El registro se crea correctamente, respetando validaciones y reglas de negocio.","Pendiente de ejecucion.",
F-149,Herramientas,"CFDI XML parser","Montos y RFC bien extraidos","Ambiente de QA disponible; usuario con acceso al modulo Herramientas; flujo CFDI XML parser habilitado; nivel de prueba Service disponible.","Ingresar al modulo Herramientas -> Abrir el flujo CFDI XML parser -> Ejecutar el escenario montos y RFC bien extraidos -> Validar respuesta del sistema y evidencia generada","El sistema cumple correctamente con el escenario evaluado: montos y RFC bien extraidos.","Pendiente de ejecucion.",
F-150,Integraciones,"SAT EFOS - index/data",Listado,"Ambiente de QA disponible; usuario con acceso al modulo Integraciones; flujo SAT EFOS - index/data habilitado; nivel de prueba UI + Feature HTTP disponible; datos semilla cargados.","Ingresar al modulo Integraciones -> Abrir el flujo SAT EFOS - index/data -> Ejecutar el escenario listado -> Validar respuesta del sistema y evidencia generada","La informacion se muestra correctamente en pantalla, sin errores y con datos consistentes.","Pendiente de ejecucion.",
F-150,Integraciones,"SAT EFOS - index/data",Paginacion/datatable,"Ambiente de QA disponible; usuario con acceso al modulo Integraciones; flujo SAT EFOS - index/data habilitado; nivel de prueba UI + Feature HTTP disponible; datos semilla cargados.","Ingresar al modulo Integraciones -> Abrir el flujo SAT EFOS - index/data -> Ejecutar el escenario paginacion/datatable -> Validar respuesta del sistema y evidencia generada","La informacion se muestra correctamente en pantalla, sin errores y con datos consistentes.","Pendiente de ejecucion.",
F-150,Integraciones,"SAT EFOS - index/data","Sin datos","Ambiente de QA disponible; usuario con acceso al modulo Integraciones; flujo SAT EFOS - index/data habilitado; nivel de prueba UI + Feature HTTP disponible; datos semilla cargados.","Ingresar al modulo Integraciones -> Abrir el flujo SAT EFOS - index/data -> Ejecutar el escenario sin datos -> Validar respuesta del sistema y evidencia generada","El sistema cumple correctamente con el escenario evaluado: sin datos.","Pendiente de ejecucion.",
F-150,Integraciones,"SAT EFOS - index/data","Consulta por job status","Ambiente de QA disponible; usuario con acceso al modulo Integraciones; flujo SAT EFOS - index/data habilitado; nivel de prueba UI + Feature HTTP disponible.","Ingresar al modulo Integraciones -> Abrir el flujo SAT EFOS - index/data -> Ejecutar el escenario consulta por job status -> Validar respuesta del sistema y evidencia generada","El sistema cumple correctamente con el escenario evaluado: consulta por job status.","Pendiente de ejecucion.",
F-151,Integraciones,"SAT EFOS - sync manual","Dispara job","Ambiente de QA disponible; usuario con acceso al modulo Integraciones; flujo SAT EFOS - sync manual habilitado; nivel de prueba Feature HTTP + Job + Command disponible.","Ingresar al modulo Integraciones -> Abrir el flujo SAT EFOS - sync manual -> Ejecutar el escenario dispara job -> Validar respuesta del sistema y evidencia generada","El sistema cumple correctamente con el escenario evaluado: dispara job.","Pendiente de ejecucion.",
F-151,Integraciones,"SAT EFOS - sync manual","Guarda jobId","Ambiente de QA disponible; usuario con acceso al modulo Integraciones; flujo SAT EFOS - sync manual habilitado; nivel de prueba Feature HTTP + Job + Command disponible.","Ingresar al modulo Integraciones -> Abrir el flujo SAT EFOS - sync manual -> Ejecutar el escenario guarda jobId -> Validar respuesta del sistema y evidencia generada","El sistema cumple correctamente con el escenario evaluado: guarda jobId.","Pendiente de ejecucion.",
F-151,Integraciones,"SAT EFOS - sync manual","Procesa CSV","Ambiente de QA disponible; usuario con acceso al modulo Integraciones; flujo SAT EFOS - sync manual habilitado; nivel de prueba Feature HTTP + Job + Command disponible.","Ingresar al modulo Integraciones -> Abrir el flujo SAT EFOS - sync manual -> Ejecutar el escenario procesa CSV -> Validar respuesta del sistema y evidencia generada","El sistema cumple correctamente con el escenario evaluado: procesa CSV.","Pendiente de ejecucion.",
F-151,Integraciones,"SAT EFOS - sync manual","Actualiza tabla","Ambiente de QA disponible; usuario con acceso al modulo Integraciones; flujo SAT EFOS - sync manual habilitado; nivel de prueba Feature HTTP + Job + Command disponible.","Ingresar al modulo Integraciones -> Abrir el flujo SAT EFOS - sync manual -> Ejecutar el escenario actualiza tabla -> Validar respuesta del sistema y evidencia generada","El sistema cumple correctamente con el escenario evaluado: actualiza tabla.","Pendiente de ejecucion.",
F-151,Integraciones,"SAT EFOS - sync manual","Maneja URL invalida","Ambiente de QA disponible; usuario con acceso al modulo Integraciones; flujo SAT EFOS - sync manual habilitado; nivel de prueba Feature HTTP + Job + Command disponible.","Ingresar al modulo Integraciones -> Abrir el flujo SAT EFOS - sync manual -> Ejecutar el escenario maneja URL invalida -> Validar respuesta del sistema y evidencia generada","El sistema cumple correctamente con el escenario evaluado: maneja URL invalida.","Pendiente de ejecucion.",
F-152,Integraciones,"Tipo de cambio - sync","Obtiene USD/MXN","Ambiente de QA disponible; usuario con acceso al modulo Integraciones; flujo Tipo de cambio - sync habilitado; nivel de prueba Command + Scheduler disponible.","Ingresar al modulo Integraciones -> Abrir el flujo Tipo de cambio - sync -> Ejecutar el escenario obtiene USD/MXN -> Validar respuesta del sistema y evidencia generada","El sistema cumple correctamente con el escenario evaluado: obtiene USD/MXN.","Pendiente de ejecucion.",
F-152,Integraciones,"Tipo de cambio - sync","Inserta o actualiza","Ambiente de QA disponible; usuario con acceso al modulo Integraciones; flujo Tipo de cambio - sync habilitado; nivel de prueba Command + Scheduler disponible.","Ingresar al modulo Integraciones -> Abrir el flujo Tipo de cambio - sync -> Ejecutar el escenario inserta o actualiza -> Validar respuesta del sistema y evidencia generada","El sistema cumple correctamente con el escenario evaluado: inserta o actualiza.","Pendiente de ejecucion.",
F-152,Integraciones,"Tipo de cambio - sync","No duplica dia/hora","Ambiente de QA disponible; usuario con acceso al modulo Integraciones; flujo Tipo de cambio - sync habilitado; nivel de prueba Command + Scheduler disponible.","Ingresar al modulo Integraciones -> Abrir el flujo Tipo de cambio - sync -> Ejecutar el escenario no duplica dia/hora -> Validar respuesta del sistema y evidencia generada","El sistema cumple correctamente con el escenario evaluado: no duplica dia/hora.","Pendiente de ejecucion.",
F-152,Integraciones,"Tipo de cambio - sync","Maneja API key faltante","Ambiente de QA disponible; usuario con acceso al modulo Integraciones; flujo Tipo de cambio - sync habilitado; nivel de prueba Command + Scheduler disponible.","Ingresar al modulo Integraciones -> Abrir el flujo Tipo de cambio - sync -> Ejecutar el escenario maneja API key faltante -> Validar respuesta del sistema y evidencia generada","El registro se crea correctamente, respetando validaciones y reglas de negocio.","Pendiente de ejecucion.",
F-153,Integraciones,"TRESS - sync users","Lee CSV","Ambiente de QA disponible; usuario con acceso al modulo Integraciones; flujo TRESS - sync users habilitado; nivel de prueba Command disponible.","Ingresar al modulo Integraciones -> Abrir el flujo TRESS - sync users -> Ejecutar el escenario lee CSV -> Validar respuesta del sistema y evidencia generada","El sistema cumple correctamente con el escenario evaluado: lee CSV.","Pendiente de ejecucion.",
F-153,Integraciones,"TRESS - sync users","Crea empleados","Ambiente de QA disponible; usuario con acceso al modulo Integraciones; flujo TRESS - sync users habilitado; nivel de prueba Command disponible.","Ingresar al modulo Integraciones -> Abrir el flujo TRESS - sync users -> Ejecutar el escenario crea empleados -> Validar respuesta del sistema y evidencia generada","El sistema cumple correctamente con el escenario evaluado: crea empleados.","Pendiente de ejecucion.",
F-153,Integraciones,"TRESS - sync users","Actualiza empleados","Ambiente de QA disponible; usuario con acceso al modulo Integraciones; flujo TRESS - sync users habilitado; nivel de prueba Command disponible.","Ingresar al modulo Integraciones -> Abrir el flujo TRESS - sync users -> Ejecutar el escenario actualiza empleados -> Validar respuesta del sistema y evidencia generada","El sistema cumple correctamente con el escenario evaluado: actualiza empleados.","Pendiente de ejecucion.",
F-153,Integraciones,"TRESS - sync users","Crea usuarios si hay email","Ambiente de QA disponible; usuario con acceso al modulo Integraciones; flujo TRESS - sync users habilitado; nivel de prueba Command disponible; correo de prueba configurado.","Ingresar al modulo Integraciones -> Abrir el flujo TRESS - sync users -> Ejecutar el escenario crea usuarios si hay email -> Validar respuesta del sistema y evidencia generada","El sistema cumple correctamente con el escenario evaluado: crea usuarios si hay email.","Pendiente de ejecucion.",
F-153,Integraciones,"TRESS - sync users","Maneja CSV corrupto","Ambiente de QA disponible; usuario con acceso al modulo Integraciones; flujo TRESS - sync users habilitado; nivel de prueba Command disponible.","Ingresar al modulo Integraciones -> Abrir el flujo TRESS - sync users -> Ejecutar el escenario maneja CSV corrupto -> Validar respuesta del sistema y evidencia generada","El sistema cumple correctamente con el escenario evaluado: maneja CSV corrupto.","Pendiente de ejecucion.",
F-154,Integraciones,"Scheduler registrado","Purchase-orders:close-inactive a las 00:30","Ambiente de QA disponible; usuario con acceso al modulo Integraciones; flujo Scheduler registrado habilitado; nivel de prueba Scheduler disponible.","Ingresar al modulo Integraciones -> Abrir el flujo Scheduler registrado -> Ejecutar el escenario purchase-orders:close-inactive a las 00:30 -> Validar respuesta del sistema y evidencia generada","El sistema cumple correctamente con el escenario evaluado: purchase-orders:close-inactive a las 00:30.","Pendiente de ejecucion.",
F-154,Integraciones,"Scheduler registrado","Exchange-rates:sync hourly weekdays 8-18","Ambiente de QA disponible; usuario con acceso al modulo Integraciones; flujo Scheduler registrado habilitado; nivel de prueba Scheduler disponible.","Ingresar al modulo Integraciones -> Abrir el flujo Scheduler registrado -> Ejecutar el escenario exchange-rates:sync hourly weekdays 8-18 -> Validar respuesta del sistema y evidencia generada","El sistema cumple correctamente con el escenario evaluado: exchange-rates:sync hourly weekdays 8-18.","Pendiente de ejecucion.",
F-154,Integraciones,"Scheduler registrado","WithoutOverlapping configurado","Ambiente de QA disponible; usuario con acceso al modulo Integraciones; flujo Scheduler registrado habilitado; nivel de prueba Scheduler disponible.","Ingresar al modulo Integraciones -> Abrir el flujo Scheduler registrado -> Ejecutar el escenario withoutOverlapping configurado -> Validar respuesta del sistema y evidencia generada","El sistema cumple correctamente con el escenario evaluado: withoutOverlapping configurado.","Pendiente de ejecucion.",
